name,category,public_private,beds,district,lat,lon,source,geo_precision,is_duplicate_of
Saeed Medical Clinic (Dr. Gul Zaman),General Practitioner Clinic,Private,,Upper Dir,35.28159156571415,72.0338331714954,KPHCC,district_centroid,
Huma Clinic (Dr. Mohammad Humayun),General Practitioner Clinic,Private,,Malakand,34.53800101384951,71.8947262140283,KPHCC,district_centroid,
Dr. Rohi Gul Clinic,General Practitioner Clinic,Private,,Abbottabad,34.10415081581159,73.27497933394895,KPHCC,district_centroid,
Skin Care Clinic,Specialist Clinic,Private,,Mansehra,34.65615464738109,73.42882583749224,KPHCC,district_centroid,
Rehmania Surgical Center,Hospital,Private,53,Karak,33.13906022355018,71.109389009033,KPHCC,district_centroid,
Dr. Shahid Masroor Clinic (Dr. Shahid Masroor),Specialist Clinic,Private,,Charsadda,34.24405523857447,71.72024053015309,KPHCC,district_centroid,
Mansoor Doctors Hospital,Hospital,Private,54,Shangla,34.9266168,72.6341187,KPHCC,street,
Doctor's International Hospital,Hospital,Private,130,Swat,34.7888397,72.3501947,KPHCC,street,
Hazara GP Clinic (Dr. Javeria Qayyum),General Practitioner,Private,,Abbottabad,34.10415081581159,73.27497933394895,KPHCC,district_centroid,
Gohar Medical Clinic (Dr. Amir Zeb),General Practitioner,Private,,Malakand,34.53800101384951,71.8947262140283,KPHCC,district_centroid,
Darman Medical Complex,Hospital,Private,52,Mardan,34.3157914727587,72.09792741540741,KPHCC,district_centroid,
Zainab Wali Obs & Gynae Clinic (Dr. Zainab Wali),Specialist Clinic,Private,,Malakand,34.53800101384951,71.8947262140283,KPHCC,district_centroid,
Shangla Medical Complex,Hospital,Private,63,Shangla,34.84910048353705,72.73129349609057,KPHCC,district_centroid,
Wahab Medical Complex,Hospital,Private,30,Lower Dir,34.839827137865974,71.8489259810564,KPHCC,district_centroid,
Dr. Muhammad Arshad Specialist Clinic (Dr. Muhammad Arshad),Specialist Clinic,Private,,Charsadda,34.24405523857447,71.72024053015309,KPHCC,district_centroid,
Abbottabad Psychiatric Center (Dr. Aftab Alam Khan),Specialist Clinic,Private,,Abbottabad,34.10415081581159,73.27497933394895,KPHCC,district_centroid,
Dr. Abdul Waheed Clinic (Dr. Abdul Waheed),Specialist Clinic,Private,,Mardan,34.3157914727587,72.09792741540741,KPHCC,district_centroid,
Ehsun General Hospital,Hospital,Private,12,Abbottabad,34.10415081581159,73.27497933394895,KPHCC,district_centroid,
Pakistan Kidney Center-A Project of Pakistan Welfare Society Islamabad,Hospital,Private,95,Abbottabad,34.10415081581159,73.27497933394895,KPHCC,district_centroid,
Roshan Specialized Hospital,Hospital,Private,107,Swat,35.24336092020762,72.46273370116246,KPHCC,district_centroid,
Saif Ullah Dental Clinic (Dr. Mahib Ullah),Dental Clinic,Private,,Lower Dir,34.839827137865974,71.8489259810564,KPHCC,district_centroid,
Abbott Surgical Hospital,Hospital,Private,21,Abbottabad,34.10415081581159,73.27497933394895,KPHCC,district_centroid,
Dr. Pir Gul Memorial Clinic (Dr. Jawad Gul),General Practitioner,Private,,Malakand,34.53800101384951,71.8947262140283,KPHCC,district_centroid,
Dr. Pir Saeed Ullah Khan Clinic (Dr. Pir Saeed Ullah Khan),General Practitioner,Private,,Mansehra,34.65615464738109,73.42882583749224,KPHCC,district_centroid,
Dr. Mati Ul Haq GP Clinic (Dr. Mati Ul Haq),General Practitioner,Private,,Upper Dir,35.28159156571415,72.0338331714954,KPHCC,district_centroid,
Family Dental Clinic (Dr. Kaiynat Niaz),Dental Clinic,Private,,Abbottabad,34.10415081581159,73.27497933394895,KPHCC,district_centroid,
Buner Medical Center,Hospital,Private,150,Buner,34.462718879170446,72.52245523396033,KPHCC,district_centroid,
Paediatric Clinic (Dr. Saffi Ullah),Specialist Clinic,Private,,Peshawar,33.930684082887154,71.595883419228,KPHCC,district_centroid,
South West Health Complex,Hospital,Private,49,Kohat,33.48363735672678,71.54637109845878,KPHCC,district_centroid,
Behram Medical Complex,Hospital,Private,30,Kohat,33.48363735672678,71.54637109845878,KPHCC,district_centroid,
Dr. Naeem Eye Laser & Retina Center,Specialist Clinic,Private,,Peshawar,33.930684082887154,71.595883419228,KPHCC,district_centroid,
Malakand Doctors Hospital,Hospital,Private,120,Malakand,34.53800101384951,71.8947262140283,KPHCC,district_centroid,
Buner General Hospital,Hospital,Private,55,Buner,34.462718879170446,72.52245523396033,KPHCC,district_centroid,
City Medical Complex,Hospital,Private,110,Swat,35.24336092020762,72.46273370116246,KPHCC,district_centroid,
Aga Khan Medical Center,Hospital,Private,37,Upper Chitral,36.463176329074216,72.56532747028804,KPHCC,district_centroid,
Shifa Medical Complex,Hospital,Private,20,Lower Kohistan,35.1684219111145,72.9154110420319,KPHCC,district_centroid,
Saeed Medical Complex,Hospital,Private,120,Peshawar,33.930684082887154,71.595883419228,KPHCC,district_centroid,
Ayub Medical Complex,Hospital,Private,90,Buner,34.462718879170446,72.52245523396033,KPHCC,district_centroid,
Dr. Sulaiman Clinic (Dr. Sulaiman Khan),General Practitioner Clinic,Private,,Upper Dir,35.28159156571415,72.0338331714954,KPHCC,district_centroid,
Institute of Kidney Diseases,Hospital,Public,265,Peshawar,33.9787276,71.4328174,KPHCC,street,
Salman Medical Clinic (Dr. Said Badshah),Specialist Clinic,Private,,Mardan,34.3157914727587,72.09792741540741,KPHCC,district_centroid,
Khalid Health Care Clinic (Dr. Kamran Ahmad),General Practitioner,Private,,Mardan,34.3157914727587,72.09792741540741,KPHCC,district_centroid,
Saeed Medical Complex,Hospital,Private,70,Mardan,34.3157914727587,72.09792741540741,KPHCC,district_centroid,
Frontier Corps Teaching Hospital,Hospital,Public,200,Khyber,33.95979254672233,71.06735383245068,KPHCC,district_centroid,
Dr. Shazia Health Care Center (Dr. Shazia Hussain),General Practitioner Clinic,Private,,Peshawar,33.930684082887154,71.595883419228,KPHCC,district_centroid,
Al Mehmood Clinic (Dr. Muhammad Ismail),General Practitioner Clinic,Private,,Abbottabad,34.10415081581159,73.27497933394895,KPHCC,district_centroid,
Jan Medical Center (Dr. Muhammad Asjad),General Practitioner Clinic,Private,,Mardan,34.3157914727587,72.09792741540741,KPHCC,district_centroid,
Family Dental Care (Dr. Muhammad Iqbal),Dental Clinic,Private,,Swat,35.24336092020762,72.46273370116246,KPHCC,district_centroid,
Nighat Medical Center,Hospital,Private,8,Abbottabad,34.10415081581159,73.27497933394895,KPHCC,district_centroid,
Islamabad Diagnostic Centre,Laboratory,Private,,Swat,35.24336092020762,72.46273370116246,KPHCC,district_centroid,
Islamabad Diagnostic Centre,Laboratory,Private,,Swat,35.24336092020762,72.46273370116246,KPHCC,district_centroid,
Islamabad Diagnostic Centre,Laboratory,Private,,Mansehra,34.65615464738109,73.42882583749224,KPHCC,district_centroid,
Al Khidmat Charity Australia Diagnostic Center,Laboratory,Private,,Mansehra,34.65615464738109,73.42882583749224,KPHCC,district_centroid,
Dr. Haq Nawaz Clinic (Dr. Haq Nawaz),Specialist Clinic,Private,,Mansehra,34.65615464738109,73.42882583749224,KPHCC,district_centroid,
Bright Smile Dental Surgery (Dr. Muhammad Mattiullah Khan),Dental Clinic,Private,,Swat,35.24336092020762,72.46273370116246,KPHCC,district_centroid,
Sikandar Medical Infirmary,Hospital,Private,120,Swat,35.24336092020762,72.46273370116246,KPHCC,district_centroid,
Frontier Institute of Ophthalmology Hospital,Hospital,Private,29,Peshawar,33.930684082887154,71.595883419228,KPHCC,district_centroid,
Prof. Qiam & Associates,Dental Clinic,Private,,Peshawar,33.930684082887154,71.595883419228,KPHCC,district_centroid,
Mustafa Hospital,Hospital,Private,29,Malakand,34.53800101384951,71.8947262140283,KPHCC,district_centroid,
Ceena Medical Center,Hospital,Private,49,Swabi,34.136140155544474,72.45798207302799,KPHCC,district_centroid,
Sherzada Hospital & Spine Center,Hospital,Private,49,Swat,35.24336092020762,72.46273370116246,KPHCC,district_centroid,
Al Rasheed Hospital & Kidney Center,Hospital,Private,150,Abbottabad,34.10415081581159,73.27497933394895,KPHCC,district_centroid,
Shahina Jamil Teaching Hospital,Hospital,Private,412,Abbottabad,34.10415081581159,73.27497933394895,KPHCC,district_centroid,
Makkah Eye Clinic,Specialist Clinic,Private,,Mardan,34.3157914727587,72.09792741540741,KPHCC,district_centroid,
Dr. Shah Hakim Khan Clinic,General Practitioner Clinic,Private,,Peshawar,33.930684082887154,71.595883419228,KPHCC,district_centroid,
Dr. Manan Clinic,General Practitioner Clinic,Private,,Malakand,34.53800101384951,71.8947262140283,KPHCC,district_centroid,
Faizan Medical Complex & Maternity Home,Hospital,Private,120,Battagram,34.787083355397016,73.13766380143453,KPHCC,district_centroid,
Allied Specialist Clinic & NCS,Specialist Clinic,Private,,Abbottabad,34.10415081581159,73.27497933394895,KPHCC,district_centroid,
Dr. Shahab Uddin Health Care Clinic,General Practitioner Clinic,Private,,Lower Dir,34.839827137865974,71.8489259810564,KPHCC,district_centroid,
Dr. Rukhsana Sohail Clinic (Dr. Rukhsana Sohail),Specialist Clinic,Private,,Peshawar,33.930684082887154,71.595883419228,KPHCC,district_centroid,
Prof. Dr. Amer Bilal Clinic (Dr. Amer Bilal),Specialist Clinic,Private,,Peshawar,33.930684082887154,71.595883419228,KPHCC,district_centroid,
Shah Faisal hospital,Hospital,Private,14,Haripur,34.00390791140733,72.90078631001766,KPHCC,district_centroid,
Said Hakeem Shah Dental Clinic (Dr. Hina Hakim),Dental Clinic,Private,,Peshawar,33.9990053,71.5407197,KPHCC,street,
Al Azam Hospital,Hospital,Private,22,Abbottabad,34.0024977,73.0735814,KPHCC,street,
Amanat Eye Hospital (Dr. Aamir Asrar),Specialist Clinic,Private,,Peshawar,33.930684082887154,71.595883419228,KPHCC,district_centroid,
Sihet Hospital,Hospital,Private,110,Swat,35.24336092020762,72.46273370116246,KPHCC,district_centroid,
Shifa Medical Complex,Hospital,Private,30,Shangla,34.84910048353705,72.73129349609057,KPHCC,district_centroid,
Al Khidmat Hospital,Hospital,Private,54,Buner,34.462718879170446,72.52245523396033,KPHCC,district_centroid,
Dr. Gul Zada Clinic (Dr. Gul Zada),General Practitioner Clinic,Private,,Peshawar,33.930684082887154,71.595883419228,KPHCC,district_centroid,
Muhammad Medical Center And Trust (Dr. Naveed Ahmad),General Practitioner Clinic,Private,,Peshawar,33.930684082887154,71.595883419228,KPHCC,district_centroid,
Care Dental Services (Dr. Ayaz Ahmad),Dental Clinic,Private,,Peshawar,33.930684082887154,71.595883419228,KPHCC,district_centroid,
Kulsoom National Hospital,Hospital,Private,73,Buner,34.462718879170446,72.52245523396033,KPHCC,district_centroid,
Abdur Rauf Medical Center,Hospital,Private,49,Abbottabad,34.10415081581159,73.27497933394895,KPHCC,district_centroid,
Atiq Eye Care (Dr. Usman Attique),Specialist Clinic,Private,,Peshawar,33.930684082887154,71.595883419228,KPHCC,district_centroid,
Dr. Charagh Hussain Clinic (Dr. Charagh Hussain),Specialist Clinic,Private,,Peshawar,33.930684082887154,71.595883419228,KPHCC,district_centroid,
Kamal Medical Center & Maternity Home,Hospital,Private,28,Malakand,34.53800101384951,71.8947262140283,KPHCC,district_centroid,
Valley Medical Complex,Hospital,Private,200,Abbottabad,34.10415081581159,73.27497933394895,KPHCC,district_centroid,
Akbar Medical Complex Mardan,Hospital,Private,74,Mardan,34.3157914727587,72.09792741540741,KPHCC,district_centroid,
Muhammad Sardar Khan Memorial Hospital,Hospital,Private,62,Swabi,34.136140155544474,72.45798207302799,KPHCC,district_centroid,
Fahad Eye Clinic (Dr. Bilal Khan),Specialist Clinic,Private,,Peshawar,33.930684082887154,71.595883419228,KPHCC,district_centroid,
Qureshi Dental Clinic (Dr. Yasir Fareed),Dental Clinic,Private,,Abbottabad,34.10415081581159,73.27497933394895,KPHCC,district_centroid,
Royal Imperial Hospital,Hospital,Private,106,Swat,35.24336092020762,72.46273370116246,KPHCC,district_centroid,
Habib Un Nabi Children Hospital,Hospital,Private,15,Swat,35.24336092020762,72.46273370116246,KPHCC,district_centroid,
Badshah Medical Center,Hospital,Private,80,Lower Dir,34.839827137865974,71.8489259810564,KPHCC,district_centroid,
Sanan Gynae Clinic & Ultrasound,Specialist Clinic,Private,,Swat,35.24336092020762,72.46273370116246,KPHCC,district_centroid,
Lund Khuwar Medical Center,Hospital,Private,99,Mardan,34.3157914727587,72.09792741540741,KPHCC,district_centroid,
Madina Medical Center,Hospital,Private,55,Bajaur,34.75355391721333,71.5049367941221,KPHCC,district_centroid,
City General  Hospital Malakand,Hospital,Private,49,Malakand,34.53800101384951,71.8947262140283,KPHCC,district_centroid,
Hayatabad Medical Complex (MTI),Hospital,Public,1250,Peshawar,33.9787276,71.4328174,KPHCC,street,
Zaib Dental Clinic (Dr. Zainab Farooq),Dental Clinic,Private,,Abbottabad,34.10415081581159,73.27497933394895,KPHCC,district_centroid,
Noor Dental Clinic (Dr. Sher Zada),Dental Clinic,Private,,Abbottabad,34.1975407,73.2320596,KPHCC,street,
Zafar Sani Hospital,Hospital,Private,50,Buner,34.462718879170446,72.52245523396033,KPHCC,district_centroid,
Atta Hussain Hospital,Hospital,Private,75,Upper Dir,35.2764167,72.0023267,KPHCC,street,
Khyber Hospital,Hospital,Private,200,Mardan,34.191762,72.0516643,KPHCC,street,
Musarat Shaukat Medical Complex,Hospital,Private,99,Lower Dir,34.839827137865974,71.8489259810564,KPHCC,district_centroid,
Akakhel Medical Complex,Hospital,Private,68,Swabi,34.136140155544474,72.45798207302799,KPHCC,district_centroid,
Buner Medical Complex,Hospital,Private,150,Buner,34.462718879170446,72.52245523396033,KPHCC,district_centroid,
Health Net Hospital,Hospital,Private,150,Peshawar,33.930684082887154,71.595883419228,KPHCC,district_centroid,
Waseem Medical Complex,Hospital,Private,110,Malakand,34.53800101384951,71.8947262140283,KPHCC,district_centroid,
Al Shifa Trust Eye Hospital,Hospital,Private,130,Kohat,33.48363735672678,71.54637109845878,KPHCC,district_centroid,
Anwar Neurology Clinic,Specialist Clinic,Private,,Peshawar,33.930684082887154,71.595883419228,KPHCC,district_centroid,
Dr. Karim Bakhsh Clinic,General Practitioner Clinic,Private,,Peshawar,33.930684082887154,71.595883419228,KPHCC,district_centroid,
Dr. Naveed Iqbal Clinic,Specialist Clinic,Private,,Peshawar,33.930684082887154,71.595883419228,KPHCC,district_centroid,
Sabir Clinic (Dr. Karim Bakhsh),General Practitioner Clinic,Private,,Peshawar,33.930684082887154,71.595883419228,KPHCC,district_centroid,
Dr. Ubaid Ullah Clinic,Specialist Clinic,Private,,Peshawar,33.930684082887154,71.595883419228,KPHCC,district_centroid,
Mehar General Hospital and Maternity Home,Hospital,Private,49,Haripur,34.00390791140733,72.90078631001766,KPHCC,district_centroid,
Rasheed Medical & Laparoscopic Center,Hospital,Private,60,Mardan,34.3925153,71.9809084,KPHCC,street,
Dr. Sajida Islam General Hospital,Hospital,Private,75,Mardan,34.3157914727587,72.09792741540741,KPHCC,district_centroid,
Sahibzada Fazal Rehman Charity Hospital,Hospital,Private,16,Kohat,33.48363735672678,71.54637109845878,KPHCC,district_centroid,
Qureshi Dental Clinic (Dr. Asma Farid),Dental Clinic,Private,,Abbottabad,34.1502186,73.2145784,KPHCC,street,
Smile Dental Clinic (Dr. Mustafa Ahmad),Dental Clinic,Private,,Abbottabad,34.10415081581159,73.27497933394895,KPHCC,district_centroid,
Health Care Center,GP Clinic,Private,,Haripur,34.00390791140733,72.90078631001766,KPHCC,district_centroid,
Dr. Saleem Ullah Clinic,GP Clinic,Private,,Peshawar,33.930684082887154,71.595883419228,KPHCC,district_centroid,
Dr. Abdul Wajid Clinic (Dr. Abdul Wajid),General Practitioner Clinic,Private,,Peshawar,33.930684082887154,71.595883419228,KPHCC,district_centroid,
Mission Hospital,Hospital,Private,150,Peshawar,33.930684082887154,71.595883419228,KPHCC,district_centroid,
Dr. Shahzada Clinic,GP Clinic,Private,,Peshawar,33.930684082887154,71.595883419228,KPHCC,district_centroid,
Shah Hospital,Hospital,Private,70,Peshawar,33.930684082887154,71.595883419228,KPHCC,district_centroid,
Jalil International Hospital,Hospital,Private,110,Swat,35.24336092020762,72.46273370116246,KPHCC,district_centroid,
Dr. Rukhsana Nasreen Clinic,GP Clinic,Private,,Peshawar,33.930684082887154,71.595883419228,KPHCC,district_centroid,
Hameedi Clinic (Dr. Fateh Muhammad),GP Clinic,Private,,Peshawar,33.930684082887154,71.595883419228,KPHCC,district_centroid,
Dr. Hameed Ur Rehman Clinic,GP Clinic,Private,,Peshawar,33.930684082887154,71.595883419228,KPHCC,district_centroid,
Health Ways Hospital,Hospital,Private,49,Kohat,33.48363735672678,71.54637109845878,KPHCC,district_centroid,
Rizwan Medical Center & Genral Hospital,Hospital,Private,99,Battagram,34.787083355397016,73.13766380143453,KPHCC,district_centroid,
Al Shifa Maternity Home (Dr. Touseef Ur Rehman GP Clinic),General Practitioner Clinic,Private,,Abbottabad,34.10415081581159,73.27497933394895,KPHCC,district_centroid,
Berq Diagnostic Center,Laboratory,Private,,Peshawar,33.930684082887154,71.595883419228,KPHCC,district_centroid,
Islamabad Diagnostic Centre,Laboratory,Private,,Peshawar,33.930684082887154,71.595883419228,KPHCC,district_centroid,
Gulrang International Hospital,Hospital,Private,150,Malakand,34.53800101384951,71.8947262140283,KPHCC,district_centroid,
Shifa Surgical Complex,Hospital,Private,99,Bajaur,34.75355391721333,71.5049367941221,KPHCC,district_centroid,
Allied Health Hospital & Research Center,Hospital,Private,140,Lower Dir,34.839827137865974,71.8489259810564,KPHCC,district_centroid,
Salman Teaching Hospital,Hospital,Private,110,Swat,35.24336092020762,72.46273370116246,KPHCC,district_centroid,
Abeer Saeed Memorial Hospital,Hospital,Private,99,Lower Dir,34.839827137865974,71.8489259810564,KPHCC,district_centroid,
Dr. Syed Muhammad Junaid Clinic,GP Clinic,Private,,Peshawar,33.930684082887154,71.595883419228,KPHCC,district_centroid,
Dr. Khalid Usman Clinic,Specialist Clinic,Private,,Peshawar,33.930684082887154,71.595883419228,KPHCC,district_centroid,
Dr. Syed Muhammad Abdullah Shah Clinic (Dr. Syed Muhammad Abdullah Shah),General Practitioner Clinic,Private,,Peshawar,33.930684082887154,71.595883419228,KPHCC,district_centroid,
Afridi Clinic,GP Clinic,Private,,Peshawar,33.930684082887154,71.595883419228,KPHCC,district_centroid,
Dr. Anees Ahmad & Associates Dental Clinic,Dental Clinic,Private,,Peshawar,33.930684082887154,71.595883419228,KPHCC,district_centroid,
Ali Medical Center,GP Clinic,Private,,Abbottabad,34.10415081581159,73.27497933394895,KPHCC,district_centroid,
Ayub Dental Clinic,Dental Clinic,Private,,Abbottabad,34.10415081581159,73.27497933394895,KPHCC,district_centroid,
Dr. Abdul Khaliq Clinic,GP Clinic,Private,,Peshawar,33.930684082887154,71.595883419228,KPHCC,district_centroid,
Dr. Naila Anjum Clinic,GP Clinic,Private,,Peshawar,33.930684082887154,71.595883419228,KPHCC,district_centroid,
Dr. Javed Iqbal Clinic,GP Clinic,Private,,Peshawar,33.930684082887154,71.595883419228,KPHCC,district_centroid,
Gynae Care Clinic,Specialist Clinic,Private,,Peshawar,33.930684082887154,71.595883419228,KPHCC,district_centroid,
Dr. Zarlasht Yousafzai,GP Clinic,Private,,Peshawar,33.930684082887154,71.595883419228,KPHCC,district_centroid,
Dr. Syed Ghulam Murtaza Specialist Clinic,Specialist Clinic,Private,,Abbottabad,34.10415081581159,73.27497933394895,KPHCC,district_centroid,
Riaz Clinic,GP Clinic,Private,,Abbottabad,34.1486281,73.2116987,KPHCC,street,
Akbar Medical Center,Hospital,Private,74,Peshawar,33.930684082887154,71.595883419228,KPHCC,district_centroid,
Dr. Habib Ullah GP Clinic,GP Clinic,Private,,Abbottabad,34.10415081581159,73.27497933394895,KPHCC,district_centroid,
Hayat Health Care Clinic,GP Clinic,Private,,Peshawar,33.930684082887154,71.595883419228,KPHCC,district_centroid,
Zia Darman Hospital,Hospital,Private,99,Mardan,34.3157914727587,72.09792741540741,KPHCC,district_centroid,
Pak Medical Center,Hospital,Private,176,Peshawar,33.9990053,71.5407197,KPHCC,street,
Makkah Medical Center,Hospital,Private,99,Nowshera,33.92701029573449,71.98609985124564,KPHCC,district_centroid,
Junaid Medical Complex,Hospital,Private,30,Mardan,34.3157914727587,72.09792741540741,KPHCC,district_centroid,
Haroon Dental Specialist Clinic,Dental Clinic,Private,,Peshawar,33.930684082887154,71.595883419228,KPHCC,district_centroid,
Zaman Medical Center,Hospital,Private,69,Nowshera,33.92701029573449,71.98609985124564,KPHCC,district_centroid,
Nawaz Medical Complex,Hospital,Private,61,Malakand,34.53800101384951,71.8947262140283,KPHCC,district_centroid,
Lal Noor Hospital,Hospital,Private,30,Swat,35.24336092020762,72.46273370116246,KPHCC,district_centroid,
Life Care GP Clinic,GP Clinic,Private,,Peshawar,33.930684082887154,71.595883419228,KPHCC,district_centroid,
Dr. Wakeel Khan GP Clinic,GP Clinic,Private,,Peshawar,33.930684082887154,71.595883419228,KPHCC,district_centroid,
Alam Medical Complex,Hospital,Private,30,Swat,35.24336092020762,72.46273370116246,KPHCC,district_centroid,
Amin Surgical Hospital & Maternity Home,Hospital,Private,51,Upper Dir,35.28159156571415,72.0338331714954,KPHCC,district_centroid,
Asma Arif General Hospital,Hospital,Private,29,Nowshera,33.92701029573449,71.98609985124564,KPHCC,district_centroid,
Smile Dental Clinic (Dr. Ali Rizwan),Dental Clinic,Private,,Peshawar,33.930684082887154,71.595883419228,KPHCC,district_centroid,
Aesthetic Dental Clinic (Dr. Shawana),Dental Clinic,Private,,Peshawar,33.930684082887154,71.595883419228,KPHCC,district_centroid,
Sugar General Hospital,Hospital,Private,18,Peshawar,33.930684082887154,71.595883419228,KPHCC,district_centroid,
Ahmad Dental Clinic,Dental Clinic,Private,,Abbottabad,34.10415081581159,73.27497933394895,KPHCC,district_centroid,
Dental Town Clinic,Dental Clinic,Private,,Abbottabad,34.10415081581159,73.27497933394895,KPHCC,district_centroid,
Munir Medical Complex,Hospital,Private,110,Malakand,34.53800101384951,71.8947262140283,KPHCC,district_centroid,
Ali Surgical Center,Hospital,Private,15,Nowshera,33.92701029573449,71.98609985124564,KPHCC,district_centroid,
Khair UnNas Medical Center,Hospital,Private,52,Lower Dir,34.8869192,71.6618644,KPHCC,street,
Muhammad Islam Surgical Hospital,Hospital,Private,30,Nowshera,33.92701029573449,71.98609985124564,KPHCC,district_centroid,
Shah Medical Center,Hospital,Private,90,Swat,35.24336092020762,72.46273370116246,KPHCC,district_centroid,
Abbott Poly Clinic,GP Clinic,Private,,Abbottabad,34.10415081581159,73.27497933394895,KPHCC,district_centroid,
Shahid Medical Clinic,GP Clinic,Private,,Peshawar,33.930684082887154,71.595883419228,KPHCC,district_centroid,
Dr. Abdul Sattar Clinic,GP Clinic,Private,,Peshawar,33.930684082887154,71.595883419228,KPHCC,district_centroid,
Dr Sonia Rafiq (Azmat Clinic),Specialist Clinic,Private,,Peshawar,33.930684082887154,71.595883419228,KPHCC,district_centroid,
Dr. Kashif`s Aesthtic Studio,Specialist Clinic,Private,,Peshawar,33.9946577,71.4956192,KPHCC,street,
Sina Labs,Laboratory,Private,,Peshawar,33.9787276,71.4328174,KPHCC,street,
OK Quality Lab,Laboratory,Private,,Peshawar,33.930684082887154,71.595883419228,KPHCC,district_centroid,
South City Dilaram Khan Memorial Hospital,Hospital,Private,101,Swat,35.24336092020762,72.46273370116246,KPHCC,district_centroid,
Mansehra Medical Complex,Hospital,Private,99,Mansehra,34.65615464738109,73.42882583749224,KPHCC,district_centroid,
Allama Iqbal Hospital & Cardic Center,Hospital,Private,52,Haripur,34.00390791140733,72.90078631001766,KPHCC,district_centroid,
Taj Medical Center,Hospital,Private,40,Nowshera,33.92701029573449,71.98609985124564,KPHCC,district_centroid,
Khyber Teaching Hospital (MTI),Hospital,Public,1600,Peshawar,34.0007512,71.4981418,KPHCC,street,
Biotech Medical Laboratory,Laboratory,Private,,Peshawar,33.930684082887154,71.595883419228,KPHCC,district_centroid,
Hassan Medical Complex,Hospital,Private,29,Swat,34.7929687,72.2876636,KPHCC,street,
Dua Medical Center,Hospital,Private,40,Swabi,34.136140155544474,72.45798207302799,KPHCC,district_centroid,
Gul Medical Complex,Hospital,Private,99,Mardan,34.207406,72.026516,KPHCC,street,
City Medical Laboratory,Laboratory,Private,,Peshawar,33.930684082887154,71.595883419228,KPHCC,district_centroid,
Lady Reading Hospital (LRH MTI),Hospital,Public,2209,Peshawar,33.930684082887154,71.595883419228,KPHCC,district_centroid,
North West General Hospital-II,Hospital,Private,335,Peshawar,33.930684082887154,71.595883419228,KPHCC,district_centroid,
Qadar General Hospital,Hospital,Private,50,Charsadda,34.24405523857447,71.72024053015309,KPHCC,district_centroid,
Life Care Hospital & Research Institute,Hospital,Private,250,Peshawar,33.930684082887154,71.595883419228,KPHCC,district_centroid,
Gul Medical Centre,Hospital,Private,15,Mardan,34.3157914727587,72.09792741540741,KPHCC,district_centroid,
Shahid Hussain Orthopeadic & General Hospital,Hospital,Private,105,Lower Dir,34.8207046,71.8400197,KPHCC,street,
Imdad Medical Complex,Hospital,Private,108,Swat,35.24336092020762,72.46273370116246,KPHCC,district_centroid,
Jamal Medical Center,Hospital,Private,37,Swabi,34.136140155544474,72.45798207302799,KPHCC,district_centroid,
Shifa Hospital,Hospital,Private,105,Swat,35.24336092020762,72.46273370116246,KPHCC,district_centroid,
Genetech Laboratory Diagnostic & Research Center,Laboratory,Private,,Peshawar,33.930684082887154,71.595883419228,KPHCC,district_centroid,
Naseem Surgical Center,Hospital,Private,99,Mansehra,34.65615464738109,73.42882583749224,KPHCC,district_centroid,
Al-Khair Medical Center,Laboratory,Private,,Peshawar,33.930684082887154,71.595883419228,KPHCC,district_centroid,
Al Khidmat Hospital,Hospital,Private,60,Lower Dir,34.839827137865974,71.8489259810564,KPHCC,district_centroid,
Al Khidmat Hospital,Hospital,Private,110,Peshawar,34.0012059,71.5616507,KPHCC,street,
Hassan Clinical Laboratory,Laboratory,Private,,Peshawar,33.930684082887154,71.595883419228,KPHCC,district_centroid,
Muhammad Teaching Hospital,Hospital,Private,450,Peshawar,33.930684082887154,71.595883419228,KPHCC,district_centroid,
Dr Muhammad Sadiq Khan,GP Clinic,Private,,Peshawar,33.930684082887154,71.595883419228,KPHCC,district_centroid,
Bach Christian Hospital,Hospital,Private,60,Abbottabad,34.10415081581159,73.27497933394895,KPHCC,district_centroid,
Abdul Qayum Memorial Hospital,Hospital,Private,99,Haripur,34.00390791140733,72.90078631001766,KPHCC,district_centroid,
Al Rehman Clinic,GP Clinic,Private,,Abbottabad,34.10415081581159,73.27497933394895,KPHCC,district_centroid,
Al Shifa Clinic,GP Clinic,Private,,Abbottabad,34.10415081581159,73.27497933394895,KPHCC,district_centroid,
Dr Muhammad Anees Clinic,GP Clinic,Private,,Peshawar,33.930684082887154,71.595883419228,KPHCC,district_centroid,
Dr Muhammad Zubair Clinic,GP Clinic,Private,,Peshawar,33.9750697,71.4304749,KPHCC,street,
Dr Sobia Gul Clinic,GP Clinic,Private,,Peshawar,33.930684082887154,71.595883419228,KPHCC,district_centroid,
Dr Fazal Wahid Clinic,GP Clinic,Private,,Peshawar,33.930684082887154,71.595883419228,KPHCC,district_centroid,
Dr Kausar Clinic,GP Clinic,Private,,Peshawar,33.930684082887154,71.595883419228,KPHCC,district_centroid,
Town Women & Children Hospital,Hospital,Private,25,Peshawar,33.930684082887154,71.595883419228,KPHCC,district_centroid,
LRBT Hospital,Hospital,Private,30,Nowshera,33.9946823,72.1471483,KPHCC,street,
Medical Diagnostic Center,Laboratory,Private,,Peshawar,33.930684082887154,71.595883419228,KPHCC,district_centroid,
Luqman International Hospital,Hospital,Private,250,Swat,35.24336092020762,72.46273370116246,KPHCC,district_centroid,
Khyber Medical Center,Hospital,Private,66,Swabi,34.136140155544474,72.45798207302799,KPHCC,district_centroid,
Anwar Teaching Hospital,Hospital,Private,123,Swat,35.24336092020762,72.46273370116246,KPHCC,district_centroid,
Jinnah International Hospital,Hospital,Private,250,Abbottabad,34.1573223,73.2403103,KPHCC,street,
Rehman General Hospital,Hospital,Private,82,Lower Dir,34.839827137865974,71.8489259810564,KPHCC,district_centroid,
Al Khidmat Mashal Medical Complex,Hospital,Private,99,Mardan,34.3157914727587,72.09792741540741,KPHCC,district_centroid,
Nasir Mohmand Surgical Hospital & Maternity Home,Hospital,Private,115,Peshawar,33.930684082887154,71.595883419228,KPHCC,district_centroid,
Mardan Medical Complex (MTI),Hospital,Public,700,Mardan,34.3157914727587,72.09792741540741,KPHCC,district_centroid,
Caring & Curing Center,Laboratory,Private,,Peshawar,33.9978266,71.5377291,KPHCC,street,
Dar Ul Shifa Hospital,Hospital,Private,60,Mardan,34.3157914727587,72.09792741540741,KPHCC,district_centroid,
Jasmine Hospital and Research Center Timergara,Hospital,Private,150,Lower Dir,34.8290809,71.8426867,KPHCC,street,
Al Imran Medical & Surgical Hospital,Hospital,Private,58,Lower Dir,34.839827137865974,71.8489259810564,KPHCC,district_centroid,
Marwa Medical Complex,Hospital,Private,53,Swabi,34.136140155544474,72.45798207302799,KPHCC,district_centroid,
Frontier Diagnostic Center,Laboratory,Private,,Peshawar,33.930684082887154,71.595883419228,KPHCC,district_centroid,
Batkhela International Hospital,Hospital,Private,150,Malakand,34.53800101384951,71.8947262140283,KPHCC,district_centroid,
Hayat Medical Complex,Hospital,Private,70,Mardan,34.3157914727587,72.09792741540741,KPHCC,district_centroid,
Rizwan Medical Center & General Hospital,Hospital,Private,99,Peshawar,33.930684082887154,71.595883419228,KPHCC,district_centroid,
Swat Medical Complex Teaching Hospital,Hospital,Private,300,Swat,34.7447334,72.3562789,KPHCC,street,
Welfare Medical Laboratory,Laboratory,Private,,Peshawar,33.930684082887154,71.595883419228,KPHCC,district_centroid,
Ismail Medical Complex,Hospital,Private,150,Swat,35.24336092020762,72.46273370116246,KPHCC,district_centroid,
Khyber Medical Complex,Hospital,Private,105,Peshawar,34.0012059,71.5616507,KPHCC,street,
Al Khidmat Hospital Charssadda,Hospital,Private,90,Charsadda,34.24405523857447,71.72024053015309,KPHCC,district_centroid,
Kings International Hospital,Hospital,Private,105,Swat,34.7447334,72.3562789,KPHCC,street,
Naseer Teaching Hospital,Hospital,Private,250,Peshawar,33.930684082887154,71.595883419228,KPHCC,district_centroid,
SIMS Hospital,Hospital,Private,220,Swat,35.24336092020762,72.46273370116246,KPHCC,district_centroid,
Doctor Hospital,Hospital,Private,100,Lower Dir,34.839827137865974,71.8489259810564,KPHCC,district_centroid,
Bacha Khan Memorial Hospital Swabi (MTI),Hospital,Public,400,Swabi,34.136140155544474,72.45798207302799,KPHCC,district_centroid,
Dar Ul Sehat Medical Complex,Hospital,Private,50,Malakand,34.6136041,71.9620667,KPHCC,street,
Bahadur Khan Rozi Khan Memorial Hospital,Hospital,Private,110,Malakand,34.53800101384951,71.8947262140283,KPHCC,district_centroid,
Jinnah Teaching Hospital,Hospital,Private,270,Peshawar,33.930684082887154,71.595883419228,KPHCC,district_centroid,
Al Falah International Hospital,Hospital,Private,110,Abbottabad,34.10415081581159,73.27497933394895,KPHCC,district_centroid,
Peshawar General Hospital,Hospital,Private,240,Peshawar,33.930684082887154,71.595883419228,KPHCC,district_centroid,
Kuwait Teaching Hospital,Hospital,Private,250,Peshawar,33.930684082887154,71.595883419228,KPHCC,district_centroid,
Health Care Center,Hospital,Private,50,Peshawar,33.930684082887154,71.595883419228,KPHCC,district_centroid,
Zia Medical Complex,Hospital,Private,50,Peshawar,33.930684082887154,71.595883419228,KPHCC,district_centroid,
Mercy Teaching Hospital,Hospital,Private,250,Peshawar,33.930684082887154,71.595883419228,KPHCC,district_centroid,
Al Khidmat Hospital,Hospital,Private,299,Peshawar,34.0145204,71.5866227,KPHCC,street,
Prime Teaching Hospital,Hospital,Private,180,Peshawar,34.0150841,71.5414389,KPHCC,street,
PIMS Hospital Peshawar,Hospital,Private,360,Peshawar,33.930684082887154,71.595883419228,KPHCC,district_centroid,
Abaseen Genarl Hospital Peshawar,Hospital,Private,50,Peshawar,33.930684082887154,71.595883419228,KPHCC,district_centroid,
Irfan General Hospital,Hospital,Private,110,Peshawar,33.930684082887154,71.595883419228,KPHCC,district_centroid,
Shahab Orthopedic and General Hospital,Hospital,Private,70,Peshawar,33.930684082887154,71.595883419228,KPHCC,district_centroid,
MMC General Hospital,Hospital,Private,200,Peshawar,33.930684082887154,71.595883419228,KPHCC,district_centroid,
Shaukat Khanum Memorial Hospital,Hospital,Private,67,Peshawar,33.930684082887154,71.595883419228,KPHCC,district_centroid,
Rehman Medical Institute,Hospital,Private,509,Peshawar,33.9787276,71.4328174,KPHCC,street,
North West General Hospital,Hospital,Private,206,Peshawar,33.9787276,71.4328174,KPHCC,street,
Peshawar Institute of Cardiology,Hospital,Public,295,Peshawar,33.9787276,71.4328174,KPHCC,street,
Afridi Medical Complex,Hospital,Private,178,Peshawar,33.930684082887154,71.595883419228,KPHCC,district_centroid,
Chinar Hospital & Dialysis Center,Hospital,Private,120,Abbottabad,34.10415081581159,73.27497933394895,KPHCC,district_centroid,
D.H.Q. Hospital,Hospital,,,Haripur,33.9994153,72.915155,OSM,osm_native,
Alrasheed Hospital Haripur,Hospital,,,Haripur,33.996244,72.9296294,OSM,osm_native,
Alghazi Hospital,Hospital,,,Haripur,33.9968489,72.9321443,OSM,osm_native,
TIP Hospital,Hospital,,,Haripur,33.9689679,72.9266669,OSM,osm_native,
Mother Care Maternity,Hospital,,,Haripur,33.9959664,72.9419183,OSM,osm_native,
Alfaisal Hospital,Hospital,,,Haripur,33.994919,72.927017,OSM,osm_native,
Combined Military Hospital Family Section,Hospital,,,Dera Ismail Khan,31.8271248,70.919967,OSM,osm_native,
Mehmood Eye Hospital,Hospital,,,Dera Ismail Khan,31.81402,70.91926,OSM,osm_native,
Mission Hospital,Hospital,,,Dera Ismail Khan,31.8228187,70.897881,OSM,osm_native,
Combined Military Hospital,Hospital,,,Dera Ismail Khan,31.82654,70.92119,OSM,osm_native,
CMH Peshawar - Combined Military Hospital,Hospital,,,Peshawar,34.0034083,71.5427023,OSM,osm_native,
Shaheen Chemist,Pharmacy,,,Peshawar,33.997294,71.491976,OSM,osm_native,
Kidney Disease Centre,Hospital,,,Peshawar,33.9918034,71.4465687,OSM,osm_native,
Pharma,Pharmacy,,,Peshawar,33.9941695,71.4509139,OSM,osm_native,
Northwest General Hospital & Research Center,Hospital,,,Peshawar,33.9939681,71.435904,OSM,osm_native,
ICRC Wound Trauma Hospital,Hospital,,,Peshawar,33.9960712,71.4896082,OSM,osm_native,
Kulsoom Maternity Home,Hospital,,,Peshawar,33.9911788,71.4917862,OSM,osm_native,
Shakat Khanum Clinic,Hospital,,,Peshawar,33.9908497,71.4913356,OSM,osm_native,
Khyber Teaching Hospital - Accident and Emergency,Hospital,,,Peshawar,33.995949,71.4870541,OSM,osm_native,
Jandola Hosp,Hospital,,,Tank,32.3356394,70.1252215,OSM,osm_native,
Wapda Hospital,Hospital,,,Peshawar,34.0234601,71.5577474,OSM,osm_native,
Medical Center,Hospital,,,Swabi,34.0714476,72.6466471,OSM,osm_native,
Sangir Hospital,Hospital,,,Kohat,33.58454,71.4370985,OSM,osm_native,
CMH (Combined Milatary Hospital),Hospital,,,Kohat,33.5868235,71.44639,OSM,osm_native,
Khyber Clinic,Hospital,,,Khyber,34.0019304,71.3797062,OSM,osm_native,
"clinic, Dr. Samina",Hospital,,,Khyber,34.0015791,71.3780807,OSM,osm_native,
LHV Hospital Dharyaal,Hospital,,,Mansehra,34.5081176,73.2662464,OSM,osm_native,
BASIC HEALTH UNIT- Parshai,Clinic,,,Kohat,33.5159763,71.8491069,OSM,osm_native,
Indus Medicose,Pharmacy,,,Abbottabad,34.1711986,73.2255335,OSM,osm_native,
Qureshi Medicose,Pharmacy,,,Abbottabad,34.1476947,73.2127805,OSM,osm_native,
Habib Chemist,Pharmacy,,,Abbottabad,34.1801665,73.229964,OSM,osm_native,
Government Civil Hosptial - Shini Kili.,Hospital,,,Kohat,33.6728824,71.5435832,OSM,osm_native,
Pharmacy /  دوای کی دکان,Pharmacy,,,Kohat,33.6729216,71.5438701,OSM,osm_native,
Doctor Saleem Clinic,Clinic,,,Kohat,33.660624,71.5428127,OSM,osm_native,
BHU Dagai,Hospital,,,Swabi,34.1654443,72.3018671,OSM,osm_native,
Tehsil Headquarters Hospital,Hospital,,,Upper Chitral,36.27165,72.2579761,OSM,osm_native,
Hospital,Hospital,,,Lower Chitral,35.4802603,71.7411101,OSM,osm_native,
Aga Khan Family Health Center Khot,Clinic,,,Upper Chitral,36.5018528,72.5274733,OSM,osm_native,
Hospital,Hospital,,,Lower Chitral,35.9969354,71.5775661,OSM,osm_native,
Hospital,Hospital,,,Upper Chitral,36.3067753,72.2356849,OSM,osm_native,
Hospital,Hospital,,,Upper Chitral,36.0850157,72.4579339,OSM,osm_native,
Dr.Gohar Zaman,Clinic,,,Kurram,33.6985009,70.3294684,OSM,osm_native,
سدہ,Clinic,,,Kurram,33.7119636,70.3546732,OSM,osm_native,
THQ Hospital,Clinic,,,Kurram,33.7056875,70.3487047,OSM,osm_native,
علی میڈیکل سٹور,Pharmacy,,,Kurram,33.700341,70.3294827,OSM,osm_native,
Rahman Hospital,Hospital,,,Abbottabad,34.1461825,73.2155607,OSM,osm_native,
Zarbat Medical Complex,Hospital,,,Abbottabad,34.1461411,73.2155521,OSM,osm_native,
Smile Again Hospital Badaber Peshawar,Hospital,,,Peshawar,33.9119107,71.5573328,OSM,osm_native,
"Bacha Khan Medical Complex, Shahmansor, Swabi",Hospital,,,Swabi,34.08072,72.4533671,OSM,osm_native,
Civil Hospital,Hospital,,,Mardan,34.3467055,72.2821122,OSM,osm_native,
Qazi Medical Centre,Hospital,,,Mardan,34.2001513,72.0689419,OSM,osm_native,
DHQ Hospital Nowshera,Hospital,,,Nowshera,34.0109207,71.9753741,OSM,osm_native,
Medical Stores,Pharmacy,,,Peshawar,33.9777559,71.4352168,OSM,osm_native,
awan medical store,Pharmacy,,,Peshawar,33.9713984,71.4318661,OSM,osm_native,
Mardan Medical Centre Hospital,Hospital,,,Mardan,34.1541066,72.0298371,OSM,osm_native,
Showkat & Hussain Clinic,Clinic,,,Swat,34.7690669,72.3713843,OSM,osm_native,
Munir First AID Clinic Parn,Clinic,,,Swat,34.76519,72.3768289,OSM,osm_native,
THQ Hospital Shabqadar,Clinic,,,Charsadda,34.2142895,71.5490902,OSM,osm_native,
Dr. Fazle Amin Children Specialist,Clinic,,,Peshawar,34.0087289,71.5791429,OSM,osm_native,
CMH Risalpur,Clinic,,,Nowshera,34.0529394,71.9953933,OSM,osm_native,
DHQ Hospital Bannu,Clinic,,,Bannu,32.97851,70.6205,OSM,osm_native,
Abdulsamad Pharmacy,Pharmacy,,,Peshawar,33.9940854,71.4504902,OSM,osm_native,
Agha Khan laboratory Collection Point,Clinic,,,Peshawar,34.003656,71.560438,OSM,osm_native,
Pak Medical Centre,Clinic,,,Peshawar,34.0103174,71.5644589,OSM,osm_native,
Banu Bagh(Mashumanu jabai),Clinic,,,Peshawar,34.0075403,71.5852653,OSM,osm_native,
per damunu wala,Clinic,,,Peshawar,33.9650398,71.4154089,OSM,osm_native,
Dr Nabila,Clinic,,,Charsadda,34.2161181,71.5502073,OSM,osm_native,
mission hospital peshawar,Hospital,,,Peshawar,34.0037555,71.5571769,OSM,osm_native,
shaukat khanum hospital collection point,Pharmacy,,,Peshawar,34.0035523,71.5594165,OSM,osm_native,
sadiq medicose,Pharmacy,,,Peshawar,34.0034627,71.5596978,OSM,osm_native,
syed anwar medical centre,Hospital,,,Peshawar,34.0038113,71.5553226,OSM,osm_native,
Dr Tahira nasreen gynaecologist,Clinic,,,Peshawar,34.0233043,71.5553035,OSM,osm_native,
Drug Bank,Pharmacy,,,Peshawar,33.9973302,71.5399826,OSM,osm_native,
District Hospital Charsadda,Hospital,,,Charsadda,34.1532674,71.7449071,OSM,osm_native,
Civil Dispensary Gari Atta Muhammad,Hospital,,,Peshawar,33.9776073,71.584092,OSM,osm_native,
Hazar hait,Clinic,,,Buner,34.1907369,72.4643661,OSM,osm_native,
Smart Care,Pharmacy,,,Peshawar,33.9743589,71.4438254,OSM,osm_native,
Care and Cure pharmacy and mart,Pharmacy,,,Peshawar,33.9729247,71.4793552,OSM,osm_native,
Insaf Clinic,Clinic,,,Battagram,34.6438391,73.0688054,OSM,osm_native,
Orthpedic and surgical complex,Hospital,,,Dera Ismail Khan,31.8193213,70.9123198,OSM,osm_native,
THQ Hospital Shabqadar,Hospital,,,Charsadda,34.2157671,71.548633,OSM,osm_native,
Animal Hospital,Hospital,,,Charsadda,34.1525592,71.7441833,OSM,osm_native,
Dr Rahman Ghai House,Hospital,,,Mardan,34.4375934,72.0678726,OSM,osm_native,
سوات ہسپتال,Hospital,,,Swat,34.7527448,72.3556253,OSM,osm_native,
کنگ ہسپتال,Hospital,,,Swat,34.7539167,72.3554069,OSM,osm_native,
Dr. Noor Muhammad Medical Centre,Clinic,,,Buner,34.5872231,72.4490736,OSM,osm_native,
Sufyar Dental Clinic,Dentist,,,Buner,34.5883958,72.4499372,OSM,osm_native,
Nisar Pharmacy,Pharmacy,,,Buner,34.5864835,72.4492862,OSM,osm_native,
The Medicos,Pharmacy,,,Buner,34.5980638,72.4525879,OSM,osm_native,
DHQ Hospital,Hospital,,,Dera Ismail Khan,31.8226017,70.9097766,OSM,osm_native,
hashim medical store,Pharmacy,,,Mansehra,34.7791279,73.5238647,OSM,osm_native,
Agency Head Quarter Hospital Khar,Hospital,,,Bajaur,34.7240234,71.5039611,OSM,osm_native,
Basic Health Unit Arbora,Hospital,,,Mansehra,34.4588888,73.0565289,OSM,osm_native,
Muhammadi Homoeopathic Clinic & Hijama Center,Clinic,,,Kohat,33.5870767,71.4391015,OSM,osm_native,
medical store,Pharmacy,,,Kohat,33.5914857,71.4258151,OSM,osm_native,
Ilyas General Hospital and research centre,Clinic,,,Peshawar,33.9954783,71.4374908,OSM,osm_native,
The women's Hospital,Hospital,,,Peshawar,33.9954599,71.4379705,OSM,osm_native,
Aman hospital,Hospital,,,Peshawar,34.002047,71.5585967,OSM,osm_native,
MI Room,Hospital,,,Nowshera,34.0567249,71.9902968,OSM,osm_native,
Mercy Teaching Hospital,Hospital,,,Peshawar,34.0073522,71.5234501,OSM,osm_native,
DHQ Hospital Btk,Hospital,,,Malakand,34.6120271,71.959769,OSM,osm_native,
SAJID MEDICAL STORE,Pharmacy,,,Malakand,34.5817723,71.9336372,OSM,osm_native,
DHQ Hospital Btk,Hospital,,,Malakand,34.6109397,71.9579149,OSM,osm_native,
Time's Pharmacy,Pharmacy,,,Peshawar,33.9989466,71.4948582,OSM,osm_native,
Agha Khan Laboratory Collection Point,Clinic,,,Peshawar,34.0109492,71.5725392,OSM,osm_native,
Basic Health Unit Ganichatra,Hospital,,,Swabi,34.2506383,72.6577455,OSM,osm_native,
R.H.C. Regi,Hospital,,,Peshawar,34.0392832,71.4655498,OSM,osm_native,
Zeeshan Medical Centre,Clinic,,,Mardan,34.1915199,72.0475934,OSM,osm_native,
Civil Hospital Teri,Hospital,,,Karak,33.2956939,71.0985329,OSM,osm_native,
Zahoor Khan Medical Store,Clinic,,,Karak,33.2965021,71.0980776,OSM,osm_native,
"Naseeb Clinical Laboratory Teri, KPK, Pakistan",Clinic,,,Karak,33.2961461,71.0983016,OSM,osm_native,
"HMC, Peshawar, Kidney Operation Theater.",Hospital,,,Peshawar,33.9916441,71.4468171,OSM,osm_native,
Ayan Clinic,Clinic,,,Peshawar,34.0001258,71.4955987,OSM,osm_native,
Iqballudin Dental Clinic,Dentist,,,Lower Chitral,35.8536524,71.7887478,OSM,osm_native,
Homeopathic dr Azim Sha,Clinic,,,Swat,34.8073635,72.4388282,OSM,osm_native,
Base MI Room,Hospital,,,Peshawar,33.993523,71.5232521,OSM,osm_native,
"Khyber Medical Centre,Peshawar",Clinic,,,Peshawar,34.0048054,71.559758,OSM,osm_native,
Dr. Yousan Paracha,Clinic,,,Peshawar,34.0033995,71.5601626,OSM,osm_native,
Dr Younas Paracha,Clinic,,,Peshawar,34.0042971,71.5595024,OSM,osm_native,
Al Haj.Siraj Mh & sons Khatna Clinic,Hospital,,,Peshawar,34.0086696,71.5826667,OSM,osm_native,
Khali Khan Clinic,Clinic,,,Charsadda,34.1960567,71.6614687,OSM,osm_native,
MMC,Hospital,,,Peshawar,34.0331084,71.599578,OSM,osm_native,
Mian Garrhi Kohat ( ، مسجد، میاں گڑھی  ),Clinic,,,Kohat,33.6100431,71.3668042,OSM,osm_native,
"Shakoor Ustad, Makori",Clinic,,,Karak,33.2987528,71.2030349,OSM,osm_native,
Pakistan Plaza,Clinic,,,Peshawar,34.0357803,71.5798332,OSM,osm_native,
Dr.Samad Hemopathic Clinic,Clinic,,,Mardan,34.1956528,71.9958934,OSM,osm_native,
Shaukat Khanum Collection Centre,Clinic,,,Peshawar,33.9940421,71.4517991,OSM,osm_native,
City Medical laboratory,Laboratory,,,Peshawar,33.9940907,71.4519008,OSM,osm_native,
Vaccine Care,Clinic,,,Peshawar,33.9940726,71.4518335,OSM,osm_native,
excel labs,Clinic,,,Peshawar,33.9940095,71.4519612,OSM,osm_native,
Dr Mohammad Zaib,Clinic,,,Charsadda,34.2214556,71.5663778,OSM,osm_native,
Rooghantoon THQ,Hospital,,,Battagram,34.8300242,73.0645808,OSM,osm_native,
Sahara Hospital,Hospital,,,Upper Dir,35.2027027,71.8774673,OSM,osm_native,
Dr Dil Raj,Clinic,,,Buner,34.5060867,72.4600681,OSM,osm_native,
BHU Biari,Centre,,,Battagram,34.8176808,73.0946682,OSM,osm_native,
Dr.Farman's Clinic,Clinic,,,Mardan,34.2756299,72.1473921,OSM,osm_native,
BHU Batkol,Yes,,,Battagram,34.8095218,72.9671111,OSM,osm_native,
BHU Jumbera,Yes,,,Battagram,34.8503456,72.9821143,OSM,osm_native,
RHC Rashang,Yes,,,Battagram,34.8178544,73.1201398,OSM,osm_native,
Ahmad Medical Store,Pharmacy,,,Swat,34.6810306,72.2255008,OSM,osm_native,
Hakeem Molvi Wali Ullah,Hospital,,,Shangla,34.6800828,72.7469762,OSM,osm_native,
Tehsil Headquarters Hospital,Hospital,,,Karak,33.2691891,71.1844444,OSM,osm_native,
Dr. Bakhtzada,Clinic,,,Malakand,34.620268,71.8115842,OSM,osm_native,
Dr. bakhtzada,Clinic,,,Malakand,34.6203502,71.8114428,OSM,osm_native,
Ajab Din Falij Dam Wala,Clinic,,,Karak,33.1154256,70.928661,OSM,osm_native,
Rafsan Neuro Rehabilitation Centre,Hospital,,,Peshawar,33.9902768,71.5368514,OSM,osm_native,
Sardar Begum Dental Hospital,Hospital,,,Peshawar,33.9925182,71.4809989,OSM,osm_native,
Dr. Haneef-u-llah,Clinic,,,Malakand,34.6161935,71.8246803,OSM,osm_native,
Sahibzada Medical Centre,Hospital,,,Peshawar,33.988398,71.4915957,OSM,osm_native,
District Head Q,Hospital,,,Mardan,34.1914888,72.0458214,OSM,osm_native,
Professor Doctor Naima Uthman,Clinic,,,Peshawar,33.9759582,71.4688942,OSM,osm_native,
District Headquarter Hospital,Hospital,,,Upper Dir,35.2024782,71.8787637,OSM,osm_native,
Mufti Mehmood Memorial Hospital,Hospital,,,Dera Ismail Khan,31.8182692,70.8245069,OSM,osm_native,
New Dera Pharmacy,Pharmacy,,,Dera Ismail Khan,31.81826,70.8234389,OSM,osm_native,
Dinar Cancer Hospital,Hospital,,,Dera Ismail Khan,31.814827,70.8264369,OSM,osm_native,
Community Health Center,Doctor,,,Lower Kohistan,35.0080831,72.8894446,OSM,osm_native,
Kandow BHU,"Doctor,_Pharmacy",,,Lower Kohistan,34.989827,72.8957327,OSM,osm_native,
PRCS Dabgari Gate Branch,Ngo,,,Peshawar,34.0049143,71.559557,OSM,osm_native,
Fida Hassan Mamu,Clinic,,,Haripur,34.0524102,72.690516,OSM,osm_native,
Makka Eye Hospital,Hospital,,,Mardan,34.1897462,72.0325957,OSM,osm_native,
Hospital,Hospital,,,Nowshera,34.0138313,71.9881648,OSM,osm_native,
Sheikh Kalai Hospital,Hospital,,,Charsadda,34.1201893,71.6753171,OSM,osm_native,
Ahmad Hospital,Hospital,,,Swat,34.9397782,72.4276567,OSM,osm_native,
Mardan Medical Centre Dentistry Department,Hospital,,,Mardan,34.1515668,72.033631,OSM,osm_native,
شفا میڈیکل مركز,Clinic,,,Peshawar,34.0033461,71.5608233,OSM,osm_native,
IBAD Medicose Gunjai,Pharmacy,,,Mardan,34.3045295,71.913691,OSM,osm_native,
Mardan Children Hospital,Hospital,,,Mardan,34.1916901,72.0485264,OSM,osm_native,
ٹی ایچ کیو ہسپتال تنگی,Hospital,,,Charsadda,34.2932111,71.6641412,OSM,osm_native,
"BHU Meragai , Chinar Bagh",Hospital,,,Swat,34.7070068,72.455002,OSM,osm_native,
"Saydon Pharmaceutical Co., Pvt Ltd",Alternative,,,Peshawar,33.9821014,71.4260941,OSM,osm_native,
Medicon Pharmaceutical Pvt. Ltd.,Alternative,,,Peshawar,33.9948544,71.4208733,OSM,osm_native,
Polyfine  Pharmaceutical company,Alternative,,,Peshawar,33.9777069,71.4245834,OSM,osm_native,
Stanley Pharmaceutical Pvt. Ltd.,Alternative,,,Peshawar,33.980999,71.422081,OSM,osm_native,
Z-Jans Pharmaceuticals,Alternative,,,Peshawar,33.9942436,71.4302063,OSM,osm_native,
BHU ABAZAI,Hospital,,,Charsadda,34.3246721,71.5912913,OSM,osm_native,
Sheikh Yaseen Medical Centre,Clinic,,,Mardan,34.1921706,72.0438772,OSM,osm_native,
Eye Specialist Clinic,Clinic,,,Abbottabad,34.1962711,73.2359997,OSM,osm_native,
Taha Medical & Diagnostic Center,Hospital,,,Battagram,34.7914852,72.9303315,OSM,osm_native,
Manal Medical & Dental Clinic,Clinic,,,Mardan,34.2868694,72.1642119,OSM,osm_native,
Dr.Hameed ur Rehman Cardiologist’s Clinic,Clinic,,,Mardan,34.1910581,72.0303437,OSM,osm_native,
Dr. Syed Ashfaq Ali Psychiatrist’s Clinic,Clinic,,,Mardan,34.1923143,72.0438788,OSM,osm_native,
Sikandar Medical Infirmary,Hospital,,,Swat,34.9280306,72.4118395,OSM,osm_native,
BHU KESU,Clinic,,,Lower Chitral,35.6287072,71.7932685,OSM,osm_native,
Sher Shah Sulaimankhel (Eye Specialist),Clinic,,,Kohat,33.5865812,71.4424995,OSM,osm_native,
BHU Kacha Pakha,Yes,,,Kohat,33.6028505,71.2715533,OSM,osm_native,
Shahid Medical Center,Clinic,,,Peshawar,33.9940589,71.45069,OSM,osm_native,
Govt Hospital Dak Ismail Khel,Hospital,,,Nowshera,33.856448,71.807122,OSM,osm_native,
Qazi Hussain Ahmed Medical Complex,Hospital,,,Nowshera,34.0139551,71.9903827,OSM,osm_native,
AKBAR ABAD-BASIC HEALTH UNIT,Hospital,,,Charsadda,34.1821383,71.8818063,OSM,osm_native,
Basic Health Unit Zarinabad,Hospital,,,Charsadda,34.145918,71.816229,OSM,osm_native,
Basic Health Unit Utmanzai,Hospital,,,Charsadda,34.1925063,71.7612244,OSM,osm_native,
UMERZAI BASIC HEALTH UNIT,Hospital,,,Charsadda,34.2438289,71.7259668,OSM,osm_native,
TURANGZAI BHU,Hospital,,,Charsadda,34.2177802,71.75258,OSM,osm_native,
BHU Tarnab,Hospital,,,Charsadda,34.2193681,71.685651,OSM,osm_native,
SHERPAO-RURAL HEALTH CENTER,Hospital,,,Charsadda,34.2631288,71.707724,OSM,osm_native,
SHEKHABAD BHU,Hospital,,,Charsadda,34.2199752,71.8531528,OSM,osm_native,
SHEIKHO-BASIC HEALTH UNIT,Hospital,,,Charsadda,34.1701306,71.8533974,OSM,osm_native,
Shekho BHU,Hospital,,,Charsadda,34.1568251,71.8415957,OSM,osm_native,
AGRA-BASIC HEALTH UNIT,Hospital,,,Charsadda,34.1220521,71.6797227,OSM,osm_native,
BHU Akhundari,Hospital,,,Charsadda,34.2690675,71.7603163,OSM,osm_native,
BAGHI BAKHTIAR-BASIC HEALTH UNIT,Hospital,,,Charsadda,34.2565305,71.7661549,OSM,osm_native,
BHU Daulat Pura,Hospital,,,Charsadda,34.1713538,71.6684764,OSM,osm_native,
DHAKI-BASIC HEALTH UNIT,Hospital,,,Charsadda,34.3072803,71.7678194,OSM,osm_native,
DOSERRA-BASIC HEALTH UNIT,Hospital,,,Charsadda,34.1341531,71.8808329,OSM,osm_native,
GUL ABAD BHU,Hospital,,,Charsadda,34.1471652,71.6782693,OSM,osm_native,
Hasan Zai	BHU,Hospital,,,Charsadda,34.2707477,71.6036552,OSM,osm_native,
Madina Medical Store,Pharmacy,,,Peshawar,33.9746837,71.4287802,OSM,osm_native,
EasyMart 1,Pharmacy,,,Peshawar,33.9749607,71.4293699,OSM,osm_native,
Green Medicos & Pharmacy,Pharmacy,,,Peshawar,33.9747066,71.4292882,OSM,osm_native,
Irfan Hospital Peshawar Center,Hospital,,,Peshawar,33.9751027,71.4292689,OSM,osm_native,
Rehman Medial Institute,Hospital,,,Peshawar,33.9931319,71.4359667,OSM,osm_native,
Peshawar Institute of Cardiology,Hospital,,,Peshawar,33.9885356,71.4366772,OSM,osm_native,
Peshawar General Hosptial,Hospital,,,Peshawar,33.9930551,71.438724,OSM,osm_native,
Sugar Hospital,Hospital,,,Peshawar,33.9896195,71.4359588,OSM,osm_native,
Mahboob Medical Institute,Hospital,,,Peshawar,33.989723,71.4355428,OSM,osm_native,
"Shinwari Pharmacy, Phase 5",Pharmacy,,,Peshawar,33.992919,71.4347317,OSM,osm_native,
Mohammad Medical Complex,Hospital,,,Peshawar,33.9893999,71.4339548,OSM,osm_native,
Umar Pharmacy,Pharmacy,,,Peshawar,33.9895667,71.4339536,OSM,osm_native,
"Islamabad Diagnostic Centre (IDC), Abbottabad",Clinic,,,Abbottabad,34.1997866,73.2380795,OSM,osm_native,
Civil Dispensary Gulbahar,Clinic,,,Peshawar,34.0108886,71.5969117,OSM,osm_native,
Civil Dispensary Gulbahar,Clinic,,,Peshawar,34.0108337,71.5969315,OSM,osm_native,
"Khyber Eye Foundation Hospital, Gulbahar",Hospital,,,Peshawar,34.0099945,71.610672,OSM,osm_native,
Sabir Dental Clinic,Dentist,,,Kurram,33.8966871,70.0966192,OSM,osm_native,
Transform Plastic Surgery Clinic,Clinic,,,Peshawar,33.9984023,71.4668131,OSM,osm_native,
Shafiq Medical Centre,Other,,,Abbottabad,34.1963251063073,73.23597606271505,Marham,source,
Valley Medical Complex Hospital,Hospital,,,Abbottabad,34.1991581,73.2511738,Marham,source,
Elite International Hospital,Hospital,,,Abbottabad,34.20722967285323,73.23942261165304,Marham,source,
Allied Specialist Clinics,Clinic,,,Abbottabad,34.208469,73.240685,Marham,source,
Sami Medical Centre,Other,,,Abbottabad,34.1687502,73.2214982,Marham,source,
Maj R Dr. Asiya Yaqoob Infertility Clinic,Clinic,,,Abbottabad,34.166264242631,73.22332192514756,Marham,source,
IDC- ABBOTABAD,Other,,,Abbottabad,34.10415081581159,73.27497933394895,Marham,district_centroid,
Shafiq Plaza (Doctors Plaza),Other,,,Abbottabad,34.196279081984656,73.23602609769762,Marham,source,
Zaitoon Medical Center (Female Patients Only),Other,,,Abbottabad,34.10415081581159,73.27497933394895,Marham,district_centroid,
Quershi Medical Mall,Other,,,Abbottabad,34.10415081581159,73.27497933394895,Marham,district_centroid,
Ayub Teaching Hospital Complex,Hospital,,,Abbottabad,34.2041369271149,73.23650448650696,Marham,source,
Al Syed Hospital,Hospital,,,Abbottabad,34.1741173,73.2266319,Marham,street,
Dr Syed Javed Hussain Clinic,Clinic,,,Abbottabad,34.207703829548976,73.2399251,Marham,source,
Ayub Teaching Hospital,Hospital,,,Abbottabad,34.2039639,73.2364723,Marham,source,
IDC Abbot,Other,,,Abbottabad,34.36932757684238,73.22890638897827,Marham,source,
Chinar Hospital & Dialysis Center,Hospital,,,Abbottabad,34.2158223,73.2432479,Marham,source,
Noor Medical centre,Other,,,Abbottabad,34.20546237828614,73.23996681349199,Marham,source,
Islamabad Specialist Clinic IDC Abbottabad Branch,Clinic,,,Abbottabad,34.199863247105796,73.2380349716642,Marham,source,
IDC Lab & Diagnostic Centre Abbottabad Ayub complex,Facility,,,Abbottabad,34.1998640824281,73.23803877729613,Marham,source,
Qazi Psychiatric Clinic,Clinic,,,Abbottabad,34.10415081581159,73.27497933394895,Marham,district_centroid,
Jinnah International Hospital,Hospital,,,Abbottabad,34.16045205833106,73.26301102331341,Marham,source,
Musharraf Medical Complex Hospital,Hospital,,,Abbottabad,34.199116,73.236142,Marham,source,
Al-Syed Hospital,Hospital,,,Abbottabad,34.197280403670064,73.23719172513886,Marham,source,
Dr Sadia Wasif Ultrasound Clinic,Clinic,,,Abbottabad,34.205688335521735,73.24045612719205,Marham,source,
Cmh Abbottabad Hospital,Hospital,,,Abbottabad,34.158284,73.2206355,Marham,source,
Pakistan Lab And Medical Centre,Facility,,,Abbottabad,34.201935,73.238894,Marham,source,
Dental Hub,Other,,,Abbottabad,34.17046834035869,73.22576479370942,Marham,source,
Hazara Medical Complex,Other,,,Abbottabad,34.10415081581159,73.27497933394895,Marham,district_centroid,
Rauf Medical Center,Other,,,Abbottabad,34.1687502,73.2214982,Marham,source,
Awan Medical Centre,Other,,,Abbottabad,34.3186375,73.2134539,Marham,source,
Children Care Clinic,Clinic,,,Abbottabad,34.10415081581159,73.27497933394895,Marham,district_centroid,
SHIFA Physiotherapy Center,Other,,,Abbottabad,34.10415081581159,73.27497933394895,Marham,district_centroid,
DR HAJRA TARIQ CARDIAC CLINIC,Clinic,,,Abbottabad,34.19629998733252,73.23593480185548,Marham,source,
Dr Omar Psychiatry Clinic,Clinic,,,Abbottabad,34.10415081581159,73.27497933394895,Marham,district_centroid,
Dr Zulfiqar Clinic,Clinic,,,Abbottabad,34.10415081581159,73.27497933394895,Marham,district_centroid,
Allied Hospital,Hospital,,,Abbottabad,34.20869037224199,73.2405909404715,Marham,source,
Dr Nazir Bhatti Hospital,Hospital,,,Abbottabad,34.1687502,73.2214982,Marham,source,
Allied Specialist Hospital & Clinics,Hospital,,,Abbottabad,34.209058588360456,73.24077333068524,Marham,source,
Dr Nisar Clinic,Clinic,,,Abbottabad,34.10415081581159,73.27497933394895,Marham,district_centroid,
Heart Care Centre & Clinics,Clinic,,,Abbottabad,34.10415081581159,73.27497933394895,Marham,district_centroid,
Hira General Hospital,Hospital,,,Abbottabad,34.14437907483189,73.21620512944776,Marham,source,
Ibne Sina polyclinic and cardiac centre,Clinic,,,Abbottabad,34.19943698414183,73.2358883441809,Marham,source,
Imran Medicose,Other,,,Abbottabad,34.196131790823145,73.23648918446189,Marham,source,
Home Visits,Other,,,Abbottabad,34.1790781,73.2479362,Marham,street,
Pak Diagnostic Center,Other,,,Abbottabad,34.10415081581159,73.27497933394895,Marham,district_centroid,
Faiz Medical and peds surgical Complex,Other,,,Abbottabad,34.207486738136964,73.24016696931783,Marham,source,
Al Falah International Hospital,Hospital,,,Abbottabad,34.15076683206027,73.22687511238048,Marham,source,
Hear and Heal counselling and psychotherapy,Other,,,Abbottabad,34.19920816895036,73.23756472698838,Marham,source,
ADC Abbottabad ( Hope Breast Clinic ),Clinic,,,Abbottabad,34.10415081581159,73.27497933394895,Marham,district_centroid,
Al Noor Family Hospital,Hospital,,,Abbottabad,34.10415081581159,73.27497933394895,Marham,district_centroid,
Naveed Irfan Clinic,Clinic,,,Abbottabad,34.10415081581159,73.27497933394895,Marham,district_centroid,
Dr.Shahzad Clinic,Clinic,,,Abbottabad,34.10415081581159,73.27497933394895,Marham,district_centroid,
Kidney Care Center,Other,,,Abbottabad,34.10415081581159,73.27497933394895,Marham,district_centroid,
Similia Homoeo Clinix,Other,,,Abbottabad,34.10415081581159,73.27497933394895,Marham,district_centroid,
Lifecare Hospital,Hospital,,,Abbottabad,34.21219166922539,73.24237212274095,Marham,source,
Marwat Hospital,Hospital,,,Abbottabad,34.10415081581159,73.27497933394895,Marham,district_centroid,
Optical world Abbottabad,Other,,,Abbottabad,34.197395484392516,73.23655509814672,Marham,source,
Abbottabad Diagnostic Centre,Other,,,Abbottabad,34.19565248361089,73.2376967525172,Marham,source,
Dynamic Physiotherapy And Rehab Clinic,Clinic,,,Abbottabad,34.199371457392125,73.23621823860877,Marham,source,
Pakistan Kidney Center,Other,,,Abbottabad,34.10415081581159,73.27497933394895,Marham,district_centroid,
World Hope Medical Center,Other,,,Abbottabad,34.10415081581159,73.27497933394895,Marham,district_centroid,
Al Rasheed Hospital,Hospital,,,Abbottabad,34.218297497932824,73.24468177354734,Marham,source,
Aqel hospital abbottabad,Hospital,,,Abbottabad,34.10415081581159,73.27497933394895,Marham,district_centroid,
City Medical Center,Other,,,Abbottabad,34.0969889,73.1662749,Marham,street,
Dr Nisar Ali Khan Clinic,Clinic,,,Abbottabad,34.202523777156486,73.23879354232766,Marham,source,
LIMS Clinic of Physiotherapy & Rehabilitation,Clinic,,,Abbottabad,34.10415081581159,73.27497933394895,Marham,district_centroid,
Medicare Clinic and Infertility Centre,Clinic,,,Abbottabad,34.19807201949621,73.22957631534108,Marham,source,
Syed Shahbaz Sultan Medical and Rehab Center,Other,,,Abbottabad,34.15765471812658,73.25056915643484,Marham,source,
Abbott Hospital,Hospital,,,Abbottabad,34.1687502,73.2214982,Marham,source,
Saeed House of Care,Other,,,Abbottabad,34.1939028,73.2444118,Marham,street,
Abbasine Dental Care,Other,,,Abbottabad,34.20119111184302,73.2387642846578,Marham,source,
"Islamabad diagnostic center, IDC",Other,,,Abbottabad,34.10415081581159,73.27497933394895,Marham,district_centroid,
Waasi Medical Center,Other,,,Abbottabad,34.10415081581159,73.27497933394895,Marham,district_centroid,
Abbottabad Medical Complex,Other,,,Abbottabad,34.330495689274315,73.23940145986487,Marham,source,
Dr. Abdul Majid Khan (Internal Medicine Specialist),Other,,,Abbottabad,34.19618227026728,73.23703892062667,Marham,source,
Qureshi Plaza,Other,,,Abbottabad,34.1984837,73.2377923,Marham,source,
Alnoor Family Hospital,Hospital,,,Abbottabad,34.10415081581159,73.27497933394895,Marham,district_centroid,
Batool Medical Complex Abbottabad Hospital,Hospital,,,Abbottabad,34.10415081581159,73.27497933394895,Marham,district_centroid,
Dental Studio,Other,,,Abbottabad,34.19015300940399,73.23547353686342,Marham,source,
Hamid laboratory.,Facility,,,Abbottabad,34.10415081581159,73.27497933394895,Marham,district_centroid,
Abbottabad Homoeo Clinic,Clinic,,,Abbottabad,33.9952309,72.9324938,Marham,street,
Al-hamad medical centre,Other,,,Abbottabad,34.1687502,73.2214982,Marham,source,
Elaaj private limited,Other,,,Abbottabad,34.211717483067865,73.24213272698587,Marham,source,
Global Medical Center,Other,,,Abbottabad,34.10415081581159,73.27497933394895,Marham,district_centroid,
Pak Irish Rehabilitation Centre,Other,,,Abbottabad,34.21280035315934,73.24338090607381,Marham,source,
"Woman Medical College, Abbottabad Hospital",Hospital,,,Abbottabad,34.160141,73.263338,Marham,source,
Abbottabad diagnostic center (ADC),Other,,,Abbottabad,34.10415081581159,73.27497933394895,Marham,district_centroid,
"Abbottabad Polyclinic, Siddiq Medical Complex",Clinic,,,Abbottabad,34.10415081581159,73.27497933394895,Marham,district_centroid,
Dr sher Ali Clinic,Clinic,,,Abbottabad,34.145944478227875,73.22156278291232,Marham,source,
Dr. Muazzam Ali Shehzad,Other,,,Abbottabad,34.10415081581159,73.27497933394895,Marham,district_centroid,
Ehson Hijamma Clinic,Clinic,,,Abbottabad,34.10415081581159,73.27497933394895,Marham,district_centroid,
Eman medical complex besham,Other,,,Abbottabad,34.10415081581159,73.27497933394895,Marham,district_centroid,
"Habib Surgical Care (Dr. Rohan Habib, Consultant General & Laparoscopic Surgeon)",Other,,,Abbottabad,34.146891519844345,73.221162426981,Marham,source,
Helping Children Shine,Other,,,Abbottabad,34.19020847812789,73.23812869627963,Marham,source,
United Medical Store,Pharmacy,,,Abbottabad,34.16961221259629,73.225214842327,Marham,source,
A Balanced Life Clinic,Clinic,,,Abbottabad,34.10415081581159,73.27497933394895,Marham,district_centroid,
Aaghaz Psychological Services,Other,,,Abbottabad,34.20782720051852,73.23486331821486,Marham,source,
Aesthetica by Dr Sajjad Jadoon,Other,,,Abbottabad,34.189941855008065,73.23472341349051,Marham,source,
Aftab Alam Clinic,Clinic,,,Abbottabad,34.1687502,73.2214982,Marham,source,
Ahsan Hijama Center,Other,,,Abbottabad,34.10415081581159,73.27497933394895,Marham,district_centroid,
Ahsan Naveed Clinic,Clinic,,,Abbottabad,34.1687502,73.2214982,Marham,source,
Al-Huda Hearing & Speech Center,Other,,,Abbottabad,34.10415081581159,73.27497933394895,Marham,district_centroid,
AL-WAZIR MEDICAL CENTER AND HOSPITALS,Hospital,,,Abbottabad,34.209312815007735,73.23400075582173,Marham,source,
Ali Ammar Hospital,Hospital,,,Abbottabad,34.3186375,73.2134539,Marham,source,
Ansa Islam Clinic,Clinic,,,Abbottabad,34.1687502,73.2214982,Marham,source,
Aqeel Memorial Hospital,Hospital,,,Abbottabad,34.1687502,73.2214982,Marham,source,
Ashfaq Ali Shah Clinic,Clinic,,,Abbottabad,34.1687502,73.2214982,Marham,source,
Ashfaq Homoeo clinic,Clinic,,,Abbottabad,34.10415081581159,73.27497933394895,Marham,district_centroid,
Atiya Ayaz Clinic,Clinic,,,Abbottabad,34.1687502,73.2214982,Marham,source,
Crown Physio and Rehab Clinic,Clinic,,,Abbottabad,34.198866659183956,73.23733494232867,Marham,source,
Dento Care Clinic,Clinic,,,Abbottabad,34.10415081581159,73.27497933394895,Marham,district_centroid,
Dr Sohail Ahmad Clinic,Clinic,,,Abbottabad,34.1687502,73.2214982,Marham,source,
Ehsan Hospital And Surgical Centre,Hospital,,,Abbottabad,34.1687502,73.2214982,Marham,source,
Ehsan Qureshi Clinic,Clinic,,,Abbottabad,34.1687502,73.2214982,Marham,source,
Ehtesham Ahmed Clinic,Clinic,,,Abbottabad,34.1687502,73.2214982,Marham,source,
Faiza Ikram Clinic,Clinic,,,Abbottabad,34.1687502,73.2214982,Marham,source,
Fateh medical center,Other,,,Abbottabad,34.1436136,73.2132747,Marham,street,
Fayaz Qureshi Clinic,Clinic,,,Abbottabad,34.1687502,73.2214982,Marham,source,
Fazal Medical Store,Pharmacy,,,Abbottabad,34.10415081581159,73.27497933394895,Marham,district_centroid,
Haider Zaman Clinic,Clinic,,,Abbottabad,34.1687502,73.2214982,Marham,source,
Healthcare Diagnostic Centre,Other,,,Abbottabad,34.10415081581159,73.27497933394895,Marham,district_centroid,
Hizb Ullah Gandapur Clinic,Clinic,,,Abbottabad,34.1687502,73.2214982,Marham,source,
Humaira Jadoon Clinic,Clinic,,,Abbottabad,34.1687502,73.2214982,Marham,source,
Jawad Akhtar Gillani Clinic,Clinic,,,Abbottabad,34.1687502,73.2214982,Marham,source,
Jehanzeb Ahmad Clinic,Clinic,,,Abbottabad,34.1687502,73.2214982,Marham,source,
Kulsum International Hospital,Hospital,,,Abbottabad,34.214672108554865,73.24348790000002,Marham,source,
Mahnoor clinic,Clinic,,,Abbottabad,34.10415081581159,73.27497933394895,Marham,district_centroid,
Makkah Medical Store,Pharmacy,,,Abbottabad,34.10415081581159,73.27497933394895,Marham,district_centroid,
Mati Ullah Khan Clinic,Clinic,,,Abbottabad,34.1687502,73.2214982,Marham,source,
Muhammad Fayaz Clinic,Clinic,,,Abbottabad,34.1687502,73.2214982,Marham,source,
Muhammad Pervaiz Clinic,Clinic,,,Abbottabad,34.1687502,73.2214982,Marham,source,
National Homeo Clinic,Clinic,,,Abbottabad,34.16995555081781,73.22305992772468,Marham,source,
Natural Cure Clinic,Clinic,,,Abbottabad,34.10415081581159,73.27497933394895,Marham,district_centroid,
Naveed Khan Clinic,Clinic,,,Abbottabad,34.1687502,73.2214982,Marham,source,
Nazir Malik Clinic,Clinic,,,Abbottabad,34.1687502,73.2214982,Marham,source,
Noor Medical Centre Abbottabad,Other,,,Abbottabad,34.205730994892924,73.23993602729166,Marham,source,
Noriya Naveed Clinic,Clinic,,,Abbottabad,34.1687502,73.2214982,Marham,source,
OraCare Dental Clinic,Clinic,,,Abbottabad,34.21075483102727,73.2419667558191,Marham,source,
ORTHODENT,Other,,,Abbottabad,34.19318438872757,73.2345314380836,Marham,source,
Orush Hospital,Hospital,,,Abbottabad,34.3186375,73.2134539,Marham,source,
Pakistan Diagnostic center,Other,,,Abbottabad,34.218678175106476,73.24467104278736,Marham,source,
Qazi Mehfooz-Ul-Haq Hospital,Hospital,,,Abbottabad,34.1687502,73.2214982,Marham,source,
Rehan Ahmed Clinic,Clinic,,,Abbottabad,34.1687502,73.2214982,Marham,source,
Ruqqiya Sultana Hospital,Hospital,,,Abbottabad,34.1687502,73.2214982,Marham,source,
Sajid Zaman Clinic,Clinic,,,Abbottabad,34.1687502,73.2214982,Marham,source,
Saleem Afzal Khan Clinic,Clinic,,,Abbottabad,34.1687502,73.2214982,Marham,source,
Saqib Malik Clinic,Clinic,,,Abbottabad,34.1687502,73.2214982,Marham,source,
Shah Hospital,Hospital,,,Abbottabad,34.1687502,73.2214982,Marham,source,
Shaheen Faisal Clinic,Clinic,,,Abbottabad,34.1687502,73.2214982,Marham,source,
Shahina Jamil Teaching Hospital,Hospital,,,Abbottabad,34.227456759662154,73.24505596742041,Marham,source,
Shakeel Ahmad Clinic,Clinic,,,Abbottabad,34.1687502,73.2214982,Marham,source,
Shakeel Medical Center,Other,,,Abbottabad,34.10415081581159,73.27497933394895,Marham,district_centroid,
Shoaib Zardad Clinic,Clinic,,,Abbottabad,34.1687502,73.2214982,Marham,source,
Skin Savvy Dental Clinic,Clinic,,,Abbottabad,34.10415081581159,73.27497933394895,Marham,district_centroid,
Syed Ghulam Murtaza Clinic,Clinic,,,Abbottabad,34.1687502,73.2214982,Marham,source,
The Dental Experts,Other,,,Abbottabad,34.10415081581159,73.27497933394895,Marham,district_centroid,
The Psychologist Hub,Other,,,Abbottabad,34.172853173745736,73.22707754418089,Marham,source,
Umar Hayat Clinic,Clinic,,,Abbottabad,34.1687502,73.2214982,Marham,source,
Yasin Khan Clinic,Clinic,,,Abbottabad,34.1687502,73.2214982,Marham,source,
Zaheer-Ud-Din Qureshi Clinic,Clinic,,,Abbottabad,34.1687502,73.2214982,Marham,source,
Zahida Perveen Clinic,Clinic,,,Abbottabad,34.1687502,73.2214982,Marham,source,
AL-SHIFA  MEDICAL CENTER,Other,,,Bajaur,34.75355391721333,71.5049367941221,Marham,district_centroid,
Bukhari Medical and Surgical Complex,Other,,,Bannu,32.98092479495509,70.618048230688,Marham,source,
Specialist Psychiatry Clinic,Clinic,,,Bannu,32.984017366706034,70.6268617629003,Marham,district_centroid,
Doctors Lab,Facility,,,Bannu,32.97875788529252,70.6192563976393,Marham,source,
Zafran Medical store,Pharmacy,,,Bannu,32.97934327589524,70.61809863875821,Marham,source,
Alfalah Medical & Surgical Center,Other,,,Bannu,32.9897181,70.6151915,Marham,street,
Combined Military Hospital,Hospital,,,Bannu,31.830402,70.912329,Marham,street,
Dhq Hospital,Hospital,,,Bannu,32.989724,70.6038334,Marham,source,
Dr. Sajid Muhammad Khan Children Clinic,Clinic,,,Bannu,32.9865107867102,70.60119146197286,Marham,source,
Zeeshan Medical Store and Azam laboratory,Pharmacy,,,Bannu,32.984017366706034,70.6268617629003,Marham,district_centroid,
Abaseen Center,Other,,,Bannu,32.984017366706034,70.6268617629003,Marham,district_centroid,
Atomic Energy Cancer Hospital BINOR,Hospital,,,Bannu,32.9862563,70.5991988,Marham,street,
Dr Umer Gul Nasir Clinic,Clinic,,,Bannu,32.98742535969331,70.60052176751854,Marham,source,
Moiz Medical Center,Other,,,Bannu,32.97963030109232,70.6179225134905,Marham,source,
Nisa Medical Centre,Other,,,Bannu,32.984017366706034,70.6268617629003,Marham,district_centroid,
Nisa medical store,Pharmacy,,,Bannu,32.984017366706034,70.6268617629003,Marham,district_centroid,
SHIFA CARE CLINIC,Clinic,,,Bannu,32.9862563,70.5991988,Marham,street,
Women & Children Teaching Hospital,Hospital,,,Bannu,32.988206877285265,70.60076374232763,Marham,source,
Yashfeen Neuropsychiatry Clinic,Clinic,,,Bannu,32.984017366706034,70.6268617629003,Marham,district_centroid,
Buner Medical Complex Daggar,Other,,,Buner,34.1876361,72.4607461,Marham,street,
Buner Medical Centre,Other,,,Buner,34.462718879170446,72.52245523396033,Marham,district_centroid,
Buner Children Hospital SHNAI,Hospital,,,Buner,34.4774464,72.4858312,Marham,street,
Kulsum National Hospital,Hospital,,,Buner,34.49919280019797,72.46028642374809,Marham,source,
Shifa Medical Complex,Other,,,Buner,34.462718879170446,72.52245523396033,Marham,district_centroid,
Shama Medical Centre,Other,,,Buner,34.476093073349965,72.48605333882169,Marham,source,
Zafar Sani Hospital,Hospital,,,Buner,34.72179104138778,72.51384995769577,Marham,source,
Hamdard Medical Complex,Other,,,Buner,34.462718879170446,72.52245523396033,Marham,district_centroid,
Ayan Medical Center,Other,,,Charsadda,34.15416514671542,71.7570918569206,Marham,source,
Abdal Medical Complex,Other,,,Charsadda,34.15539902895983,71.76422541544353,Marham,source,
SUDAIS Medical Complex,Other,,,Charsadda,34.156687299938206,71.76600233068524,Marham,source,
Al Hafeez Medical Center,Other,,,Charsadda,34.1494329,71.7427812,Marham,source,
Dhq Hospital,Hospital,,,Charsadda,34.1494329,71.7427812,Marham,source,
Dr bakht jamal clinic,Clinic,,,Charsadda,34.23207493868981,71.76961261359587,Marham,source,
Khyber Medical Center a,Other,,,Charsadda,34.24405523857447,71.72024053015309,Marham,district_centroid,
New City Medical Centre,Other,,,Charsadda,34.218584039937745,71.55459032959996,Marham,source,
Abdul Haleem Medical Center,Other,,,Charsadda,34.1520963,71.7440833,Marham,source,
Abid Mian Plaza Old Gts Bus Hospital,Hospital,,,Charsadda,34.24405523857447,71.72024053015309,Marham,district_centroid,
Afghan Medicos Clinic,Clinic,,,Charsadda,34.24405523857447,71.72024053015309,Marham,district_centroid,
Al Hafeez Surgical Hospital,Hospital,,,Charsadda,34.1494329,71.7427812,Marham,source,
Al-khidmat Hospital,Hospital,,,Charsadda,34.158882,71.784978,Marham,source,
Dr Ashfaq Utmanzay Family Clinic,Clinic,,,Charsadda,34.24405523857447,71.72024053015309,Marham,district_centroid,
Family Homeopathic Center,Other,,,Charsadda,34.24405523857447,71.72024053015309,Marham,district_centroid,
Gul Baba Plaza Hospital,Hospital,,,Charsadda,34.24405523857447,71.72024053015309,Marham,district_centroid,
Lifeways Rehabilitation Center,Other,,,Charsadda,34.24405523857447,71.72024053015309,Marham,district_centroid,
Mian Abdul Haleem Medical Center,Other,,,Charsadda,34.1562929,71.7310146,Marham,source,
Nawaz Medical Hall Hospital,Hospital,,,Charsadda,34.24405523857447,71.72024053015309,Marham,district_centroid,
Pak Clinical Laboratory,Clinic,,,Charsadda,34.24405523857447,71.72024053015309,Marham,district_centroid,
Pak General Hospital,Hospital,,,Charsadda,34.24405523857447,71.72024053015309,Marham,district_centroid,
Sarhad Medical Hall Hospital,Hospital,,,Charsadda,34.1494329,71.7427812,Marham,source,
Shah Medical Complex Hospital,Hospital,,,Charsadda,34.1583313,71.7456828,Marham,source,
Shamsher Medical Complex,Other,,,Charsadda,34.2367952,71.7269,Marham,street,
Welfare Medical Laboratory Hospital,Hospital,,,Charsadda,34.24405523857447,71.72024053015309,Marham,district_centroid,
Shifa Ali Hospital,Hospital,,,Dera Ismail Khan,31.818332066391527,70.59877939395106,Marham,district_centroid,
Rehmania Hospital,Hospital,,,Dera Ismail Khan,31.818332066391527,70.59877939395106,Marham,district_centroid,
Dera skin clinic,Clinic,,,Dera Ismail Khan,31.82370128476708,70.9086965203806,Marham,source,
Jawad Hospital,Hospital,,,Dera Ismail Khan,31.823888182112793,70.90855358280201,Marham,source,
Misbah International Hospital,Hospital,,,Dera Ismail Khan,32.009051524317876,70.82766897511651,Marham,source,
Khyber Medical Complex,Other,,,Dera Ismail Khan,31.818332066391527,70.59877939395106,Marham,district_centroid,
Hayat Medical Complex,Other,,,Dera Ismail Khan,31.823431349650903,70.90486648650645,Marham,source,
Ali Surgical Hospital,Hospital,,,Dera Ismail Khan,31.82396562269112,70.90924875094844,Marham,source,
Jinnah Medical Complex (DIK),Other,,,Dera Ismail Khan,31.818332066391527,70.59877939395106,Marham,district_centroid,
Abdullah Medical Centre,Other,,,Dera Ismail Khan,31.826621689293376,70.89878519206833,Marham,source,
Awais medical clinic,Clinic,,,Dera Ismail Khan,31.8315523,70.8946861,Marham,street,
Hamdan Medical Centre,Other,,,Dera Ismail Khan,31.818332066391527,70.59877939395106,Marham,district_centroid,
Abdullah Medical Center,Other,,,Dera Ismail Khan,31.818332066391527,70.59877939395106,Marham,district_centroid,
DHQ Hospital D.I Khan,Hospital,,,Dera Ismail Khan,31.82415367718176,70.90956914603966,Marham,source,
rauf medical complex,Other,,,Dera Ismail Khan,31.823598648980436,70.90830423309734,Marham,source,
Al Fateh Medical Center,Other,,,Dera Ismail Khan,31.8309181,70.9064013,Marham,street,
Asim Laparoscopic centre,Other,,,Dera Ismail Khan,31.824041606670328,70.90477119258695,Marham,source,
Jinnah Medical Complex,Other,,,Dera Ismail Khan,31.82394095042934,70.90503208465738,Marham,source,
Mufti Mehmood Memorial Teaching Hospital,Hospital,,,Dera Ismail Khan,31.819213494816754,70.82467677663136,Marham,source,
Psychological Services,Other,,,Dera Ismail Khan,31.818332066391527,70.59877939395106,Marham,district_centroid,
Shifa (Ali) Hospital,Hospital,,,Dera Ismail Khan,31.838118107869725,70.90284888465399,Marham,source,
Shuja Hospital,Hospital,,,Dera Ismail Khan,31.83333,70.90056,Marham,source,
Hangu Medical Complex Hospital,Hospital,,,Hangu,33.52078,71.050096,Marham,source,
Allama Iqbal Hospital,Hospital,,,Haripur,33.99708572372872,72.93638379999884,Marham,source,
Yahya Hospital,Hospital,,,Haripur,33.99523254840971,72.92846741237562,Marham,source,
Faizan Skin Care Clinic,Clinic,,,Haripur,34.000627,72.930023,Marham,source,
NOOR SURGICAL HOSPITAL,Hospital,,,Haripur,34.00390791140733,72.90078631001766,Marham,district_centroid,
Mehar General Hospital & Maternity Home,Hospital,,,Haripur,33.9960103,72.931915,Marham,source,
THE SKIN CENTER HARIPUR,Other,,,Haripur,34.00078844342376,72.93631638650855,Marham,source,
Bashir Dental Clinic,Clinic,,,Haripur,34.00390791140733,72.90078631001766,Marham,district_centroid,
Haripur International Hospital,Hospital,,,Haripur,34.01452796717616,72.93175508342235,Marham,source,
ONE Specialized Hospital & Diagnostic Centre,Hospital,,,Haripur,33.99844078452672,72.92232732347728,Marham,source,
Mumtaz General Hospital,Hospital,,,Haripur,34.11099252356283,72.93815867108432,Marham,source,
Abdul Qayyum Memorial Hospital,Hospital,,,Haripur,33.99442868990127,72.92885926931056,Marham,source,
Health care clinic laboratory,Clinic,,,Haripur,34.002249963882676,72.93076224603968,Marham,source,
Dr Urooj khan dental and Aesthetic Clinic,Clinic,,,Haripur,34.00170884709757,72.93037924232763,Marham,source,
Smile Dental Clinic,Clinic,,,Haripur,34.00185140104684,72.935800615344,Marham,source,
Al-Sulaity Rehabilitation Center,Other,,,Haripur,33.995879435471075,72.9296348767236,Marham,source,
Asghar General Hospital and Maternity Home,Hospital,,,Haripur,34.0192724,72.9100957,Marham,source,
Seena Medical Center,Other,,,Haripur,33.99431688486949,72.94774999767625,Marham,source,
Siddiqui Health Services (Unani Clinic and Hijamah Center),Clinic,,,Haripur,33.973539543827926,72.92051183745502,Marham,source,
Ibne Seena Hospital Khalabat,Hospital,,,Haripur,34.017871910063306,72.91124317116429,Marham,source,
WAPDA Hospital Tarbela DAM,Hospital,,,Haripur,34.0342467,72.6773795,Marham,street,
Akbar Heart And Family Care,Other,,,Haripur,34.00390791140733,72.90078631001766,Marham,district_centroid,
Dr Naveed Irfan Clinic,Clinic,,,Haripur,33.99434318537219,72.927333718145,Marham,source,
Dr. Ouun Ali,Other,,,Haripur,34.00390791140733,72.90078631001766,Marham,district_centroid,
Lifeline hospital and nursery care,Hospital,,,Haripur,34.00390791140733,72.90078631001766,Marham,district_centroid,
Pak Medical Complex,Other,,,Haripur,34.00390791140733,72.90078631001766,Marham,district_centroid,
Allama iqbal hospital Haripur,Hospital,,,Haripur,33.99731921487831,72.93637307116383,Marham,source,
"Dhq Hospital,",Hospital,,,Haripur,34.00048753896266,72.91528355027205,Marham,source,
Family Homoeopathic Clinic,Clinic,,,Haripur,34.01620366246796,72.90978989814799,Marham,source,
Zahra Memorial Hospital,Hospital,,,Haripur,34.00093732141498,72.9360620638039,Marham,source,
Abdullah Surgical Hospital,Hospital,,,Haripur,34.00390791140733,72.90078631001766,Marham,district_centroid,
Al Jadoon Medical Center Ghazi,Other,,,Haripur,34.021625831815335,72.65945123972703,Marham,source,
Alhashmi Clinic,Clinic,,,Haripur,34.00390791140733,72.90078631001766,Marham,district_centroid,
Alhashmi Hospital Dr Jamil Ahmed Hashmi,Hospital,,,Haripur,33.992307722938946,72.93169249938468,Marham,source,
Chaudhary Medical Center,Other,,,Haripur,33.98851487263515,72.9042008955982,Marham,source,
Dental Esthetika,Other,,,Haripur,34.185928,73.049168,Marham,source,
Doctor plaza haripur,Other,,,Haripur,34.00145812548104,72.93566121349302,Marham,source,
Durrani Hospital,Hospital,,,Haripur,34.00390791140733,72.90078631001766,Marham,district_centroid,
Faisal dental clinic,Clinic,,,Haripur,34.00390791140733,72.90078631001766,Marham,district_centroid,
Haripur Neuropsychiatric Clinic,Clinic,,,Haripur,34.00390791140733,72.90078631001766,Marham,district_centroid,
Hazara Dental Clinic,Clinic,,,Haripur,34.00390791140733,72.90078631001766,Marham,district_centroid,
Medikay Cardiac Center,Other,,,Haripur,34.00390791140733,72.90078631001766,Marham,district_centroid,
Momand Clinic,Clinic,,,Haripur,34.00390791140733,72.90078631001766,Marham,district_centroid,
Realx Clinic,Clinic,,,Haripur,33.9956249,72.9334888,Marham,street,
Mehmood medical centre,Other,,,Kohat,33.48363735672678,71.54637109845878,Marham,district_centroid,
Ibrahim Medical Complex,Other,,,Kohat,33.5888568052438,71.4429271227904,Marham,source,
Pak Medical Center,Other,,,Kohat,33.58991851078169,71.43572352274096,Marham,source,
Doctors Hospital,Hospital,,,Kohat,33.59007709080949,71.42630146206392,Marham,source,
Samra Clinic,Clinic,,,Kohat,33.59080820203668,71.42650228465601,Marham,source,
Behram Medical Center,Other,,,Kohat,33.58990984268847,71.42654531647263,Marham,source,
Al Aqsa Medical Center,Other,,,Kohat,33.580213691636985,71.43076272883594,Marham,source,
Doctor Hassan Gul Clinic,Clinic,,,Kohat,33.48363735672678,71.54637109845878,Marham,district_centroid,
DR HASSAN GUL CLINIC KDA,Clinic,,,Kohat,33.604045985242244,71.45602979999998,Marham,source,
FREE Medical And Diabetes Clinic - Annie Hameed Charity Organization,Clinic,,,Kohat,33.55419243353916,71.4979006881006,Marham,source,
Shifa Clinics,Clinic,,,Kohat,33.48363735672678,71.54637109845878,Marham,district_centroid,
Rehman Medical Centre,Other,,,Kohat,33.591226828363645,71.42397307097563,Marham,source,
Sulaiman Diabetes Clinic,Clinic,,,Kohat,33.58960626540598,71.4302995018504,Marham,source,
Yashfeen Medical Centre,Other,,,Kohat,33.58967458945587,71.4433232711635,Marham,source,
NASEEM GENERAL HOSPITAL,Hospital,,,Kohat,33.59051004829444,71.42468896762028,Marham,source,
Anaaj e Rehmat Dastarkhaan & Clinic,Clinic,,,Kohat,33.558472480545205,71.49288073453042,Marham,source,
Chest and Medical Center,Other,,,Kohat,33.56347549349672,71.48486027191572,Marham,source,
Dr Tahir Mehmood Clinic,Clinic,,,Kohat,33.606555310786895,71.4630204117255,Marham,source,
Dr. Omar Family Medicine and Diabetes clinic,Clinic,,,Kohat,33.588615082370175,71.4439903153426,Marham,source,
Frontier Medical Centre,Other,,,Kohat,33.48363735672678,71.54637109845878,Marham,district_centroid,
Mind Studio Counselling Care,Other,,,Kohat,33.58554482077494,71.45452763183852,Marham,source,
Rural Health Center Chorlaki,Other,,,Kohat,33.5929300451293,71.93462262671191,Marham,source,
United Foundation,Other,,,Kohat,33.48363735672678,71.54637109845878,Marham,district_centroid,
AL Haram clinic,Clinic,,,Kohat,33.48363735672678,71.54637109845878,Marham,district_centroid,
Ayub Pharmacy and Medidical Centre,Pharmacy,,,Kohat,33.48363735672678,71.54637109845878,Marham,district_centroid,
Bhu Basic Health Unit Hospital,Hospital,,,Kohat,33.6107563,71.5845386,Marham,source,
BHU TOGH BALA Healt Uni,Other,,,Kohat,33.48363735672678,71.54637109845878,Marham,district_centroid,
Cmh Hospital,Hospital,,,Kohat,33.5898286,71.4480668,Marham,source,
District Headquarter Hospital,Hospital,,,Kohat,33.48363735672678,71.54637109845878,Marham,district_centroid,
Dr .Meer Awais Memorial Clinic,Clinic,,,Kohat,33.48363735672678,71.54637109845878,Marham,district_centroid,
Ishaq Medical Care,Other,,,Kohat,33.48363735672678,71.54637109845878,Marham,district_centroid,
Saqib Care Clinic,Clinic,,,Kohat,33.48363735672678,71.54637109845878,Marham,district_centroid,
Shifa Hospital,Hospital,,,Malakand,34.61308980840421,71.96023515889557,Marham,source,
German Homeo Clinic & Research Center Thana,Clinic,,,Malakand,34.63984063933657,72.07193820269607,Marham,source,
fouji foundation medical center,Other,,,Malakand,34.61108761656399,71.9577720963677,Marham,source,
Bahadar Khan Rozi Khan Memorial Hospital,Hospital,,,Malakand,34.61233352133897,71.95851827671099,Marham,source,
Gulrang International Hospital,Hospital,,,Malakand,34.62609737052454,71.99636997524854,Marham,source,
Happy Life Hospital,Hospital,,,Malakand,34.5030413,71.9045649,Marham,source,
Malakand Dargaie City Hospital,Hospital,,,Malakand,34.49898978689751,71.89870573882267,Marham,source,
Asad Medioac Iitthead Hospital,Hospital,,,Malakand,33.9980681,71.4781646,Marham,source,
"City General Hospital,",Hospital,,,Malakand,34.507552078265824,71.89865265276111,Marham,source,
Waleed General Hospital,Hospital,,,Mansehra,34.3233118,73.204352,Marham,source,
Mansehra Medical Center complex,Other,,,Mansehra,34.65615464738109,73.42882583749224,Marham,district_centroid,
Qudrat Plaza,Other,,,Mansehra,34.65615464738109,73.42882583749224,Marham,district_centroid,
Dr. Ahmed Saeed Clinic,Clinic,,,Mansehra,34.32465411536079,73.20220313881512,Marham,source,
Adan Bone Clinic,Clinic,,,Mansehra,34.65615464738109,73.42882583749224,Marham,district_centroid,
Mubarak Diagnostic Center/MRI X-ray & Lab,Facility,,,Mansehra,34.324563699140505,73.20193281165032,Marham,source,
Irfan Neuro Psychiatry and General Hospital,Hospital,,,Mansehra,34.32496749910707,73.2020741411047,Marham,source,
Dr Hamayun Anwar Child Care Center,Other,,,Mansehra,34.65615464738109,73.42882583749224,Marham,district_centroid,
Faisal Surgical Hospital Oghi,Hospital,,,Mansehra,34.4990285801035,73.01688868675916,Marham,source,
Jamal Hospital,Hospital,,,Mansehra,34.323978317858284,73.20304791779112,Marham,source,
Mehboob Eye Hospital,Hospital,,,Mansehra,34.39134721704368,73.21099416294487,Marham,source,
Shifa Surgical Complex,Other,,,Mansehra,34.65615464738109,73.42882583749224,Marham,district_centroid,
Canine(K9) Dental Clinic,Clinic,,,Mansehra,34.65615464738109,73.42882583749224,Marham,district_centroid,
Dr. Shakeel Homeopathic Clinic,Clinic,,,Mansehra,34.32438405377174,73.20193950008475,Marham,source,
Taj Hospital Complex,Hospital,,,Mansehra,34.32206948849701,73.2060318981445,Marham,source,
Ali Medical Center,Other,,,Mansehra,34.32799929599721,73.20063140369594,Marham,source,
Bagh Homeo Clinic,Clinic,,,Mansehra,34.498685102818435,73.01315351131922,Marham,source,
Dentistry World,Other,,,Mansehra,34.30815996273474,73.21357428465738,Marham,source,
Doctors Medical and Surgical Center,Other,,,Mansehra,34.47624646767798,73.26976277301414,Marham,source,
Physicare Rehab Centre ( Dr usama clinic ),Clinic,,,Mansehra,34.65615464738109,73.42882583749224,Marham,district_centroid,
Agha Medical Store,Pharmacy,,,Mansehra,34.65615464738109,73.42882583749224,Marham,district_centroid,
Ali Medical Centre,Other,,,Mansehra,34.65615464738109,73.42882583749224,Marham,district_centroid,
Dental Care Hospital,Hospital,,,Mansehra,34.335563,73.1989091,Marham,source,
Doctors Clinic & Pharmacy,Clinic,,,Mansehra,34.363745010424104,73.21252560598337,Marham,source,
Doctors Medical Centre Shinkiari,Other,,,Mansehra,34.47587057842137,73.26961256931057,Marham,source,
Dr Omar Psych Clinic,Clinic,,,Mansehra,34.19939586316248,73.23741285582172,Marham,source,
King Abdullah Teaching Hospital,Hospital,,,Mansehra,34.174113,73.226666,Marham,source,
Kulsum International Hospital,Hospital,,,Mansehra,34.21468134763956,73.24349996991506,Marham,source,
Pakistan medical and dental Hospital,Hospital,,,Mansehra,34.65615464738109,73.42882583749224,Marham,district_centroid,
Peshawar dental clinic & implant Center,Clinic,,,Mansehra,34.65615464738109,73.42882583749224,Marham,district_centroid,
Shawwal Homeo Clinic,Clinic,,,Mansehra,34.65615464738109,73.42882583749224,Marham,district_centroid,
Sher Muhammad & Sons Health Centre,Other,,,Mansehra,34.366580076146256,72.86231671452335,Marham,source,
Skin Care Clinic,Clinic,,,Mansehra,34.3260099,73.2014624,Marham,source,
Taj Hospital,Hospital,,,Mansehra,34.322113792202906,73.20609627116382,Marham,source,
Clock Tower Medical Center,Other,,,Mardan,34.3157914727587,72.09792741540741,Marham,district_centroid,
Syed Children Hospital,Hospital,,,Mardan,34.191944911688125,72.04376981718364,Marham,source,
Dar ul shifa hospital,Hospital,,,Mardan,34.3157914727587,72.09792741540741,Marham,district_centroid,Dar Ul Shifa Hospital
Adil Psychiatry Clinic,Clinic,,,Mardan,34.3157914727587,72.09792741540741,Marham,district_centroid,
Malik Dental Clinic,Clinic,,,Mardan,34.19184587295341,72.0438326393655,Marham,source,
Akbar Medical Complex.,Other,,,Mardan,34.15274075010274,72.03328589325304,Marham,source,
Jinnah Hospital,Hospital,,,Mardan,34.3157914727587,72.09792741540741,Marham,district_centroid,
Mardan Medical Complex And Teaching Hospital,Hospital,,,Mardan,34.1500073,72.0379277,Marham,source,
Mardan Medical Complex,Other,,,Mardan,34.15405818811205,72.03185930821746,Marham,source,
Adan Medical Centre,Other,,,Mardan,34.3157914727587,72.09792741540741,Marham,district_centroid,
Khan Medical Center,Other,,,Mardan,34.3157914727587,72.09792741540741,Marham,district_centroid,
Mardan Women Hospital,Hospital,,,Mardan,34.1465589,72.0359565,Marham,street,
Dr syed Mohammad obaid clinic,Clinic,,,Mardan,34.3157914727587,72.09792741540741,Marham,district_centroid,
Ehsan Medical & Surgical Complex,Other,,,Mardan,34.192051730727506,72.04095949228096,Marham,source,
Al Sayyed Medical Center,Other,,,Mardan,34.19165664554692,72.052644304776,Marham,source,
Dr Ikram Skin and Laser Clinic,Clinic,,,Mardan,34.3157914727587,72.09792741540741,Marham,district_centroid,
Maaz Medical Center,Other,,,Mardan,34.193256139453716,72.03661257214355,Marham,source,
Zeeshan Medical Centre,Other,,,Mardan,34.191762,72.0516643,Marham,street,Zeeshan Medical Centre
The Skin Care Aesthetic and Laser Clinic,Clinic,,,Mardan,34.3157914727587,72.09792741540741,Marham,district_centroid,
Mardan City Centre,Other,,,Mardan,34.3157914727587,72.09792741540741,Marham,district_centroid,
City Children Hospital Opposite Mmc,Hospital,,,Mardan,34.15441239968443,72.02711933862112,Marham,source,
Dr. Noor Ul Amina (Gynecologist),Other,,,Mardan,34.14370468613702,72.03975338305297,Marham,source,
Toru Medicos Sheikh Yaseen Medical Centre,Other,,,Mardan,34.3157914727587,72.09792741540741,Marham,district_centroid,
Irfan medical center,Other,,,Mardan,34.2488136,72.1167745,Marham,street,
Shifa Dental Clinic,Clinic,,,Mardan,34.3157914727587,72.09792741540741,Marham,district_centroid,
Zamir s Oncology Clinic,Clinic,,,Mardan,34.156086768455374,72.02798322331358,Marham,source,
Mardan Skin Care Clinic By  Hania Signature,Clinic,,,Mardan,34.19217255509615,72.04461448131158,Marham,source,
Sheikh Yaseen Medical Center,Other,,,Mardan,34.3157914727587,72.09792741540741,Marham,district_centroid,
Nisar medical centre,Other,,,Mardan,34.3157914727587,72.09792741540741,Marham,district_centroid,
Dr Ashraf Zaman Clinic,Clinic,,,Mardan,34.19211356348156,72.04104875952041,Marham,source,
Shah Medical Complex,Other,,,Mardan,34.188147608747286,72.03592577116383,Marham,source,
Dr Umair Rauf Physical Therapy & Sports Injury Clinic,Clinic,,,Mardan,34.19239164895007,72.04071702698292,Marham,source,
Dr Liaqat Ali Clinic,Clinic,,,Mardan,34.19246417664863,72.04450081349145,Marham,source,
ISLAMABAD DIAGNOSTIC AND IMAGING CENTRE MARDAN,Other,,,Mardan,34.192710894582085,72.03998544232869,Marham,source,
Dar Ul Shifa Hospital & Clinic,Hospital,,,Mardan,34.210510573975256,72.02513040266375,Marham,source,
Dr. Syed Ibrar Ali shah Cardiac Diagnostic,Other,,,Mardan,34.3157914727587,72.09792741540741,Marham,district_centroid,
Sheikh Maltoon Medical Institute (SMI),Other,,,Mardan,34.3157914727587,72.09792741540741,Marham,district_centroid,
Islamabad Diagnostic Center imaging and Lab services,Facility,,,Mardan,34.19257522525512,72.0400768441809,Marham,source,
Shaheen Hospital,Hospital,,,Mardan,34.20082436572365,72.03123132192586,Marham,source,
Kiran's Diet Clinic,Clinic,,,Mardan,34.3157914727587,72.09792741540741,Marham,district_centroid,
Madiha Medical Center,Other,,,Mardan,34.3157914727587,72.09792741540741,Marham,district_centroid,
Junaid Medical Complex,Other,,,Mardan,34.19708524849665,72.03273846137888,Marham,source,
Combined Military Hospitals,Hospital,,,Mardan,34.20050502633209,72.04354295781599,Marham,source,
Al Shifa Care Hospital,Hospital,,,Mardan,34.3157914727587,72.09792741540741,Marham,district_centroid,
MM Gynae and surgical clinic,Clinic,,,Mardan,34.3157914727587,72.09792741540741,Marham,district_centroid,
Wellness Club,Other,,,Mardan,34.3157914727587,72.09792741540741,Marham,district_centroid,
ARA KHAN Dental clinic,Clinic,,,Mardan,34.208921788466824,72.03865984128413,Marham,source,
Doctor Foundation Clinic,Clinic,,,Mardan,34.3157914727587,72.09792741540741,Marham,district_centroid,
Gul Medical Complex Takht Bhai,Other,,,Mardan,34.2813284517045,71.92763709258695,Marham,source,
Hamdard Dental Clinic,Clinic,,,Mardan,34.19353015216514,72.02692405952341,Marham,source,
Noushad Healthcare,Other,,,Mardan,34.155631892764134,72.02672664658706,Marham,source,
Al Khidmat Mashal Medical Complex Hospital,Hospital,,,Mardan,34.22863112674535,72.195218646032,Marham,source,
Dr Abdul Qadir Clinic,Clinic,,,Mardan,34.1539460601412,72.0357573099714,Marham,source,
Dr. Biladul Islam medical care clinic,Clinic,,,Mardan,34.3157914727587,72.09792741540741,Marham,district_centroid,
Dr. Murad Medical Complex,Other,,,Mardan,34.3157914727587,72.09792741540741,Marham,district_centroid,
Habib Medical Center,Other,,,Mardan,34.88727952088124,71.66185204232946,Marham,source,
Mardan Autism Centre,Other,,,Mardan,34.3157914727587,72.09792741540741,Marham,district_centroid,
Robeena Autism Center,Other,,,Mardan,34.19119321853713,72.05291345402142,Marham,source,
Zaman Eye Clinic And Optical Center,Clinic,,,Mardan,34.22262952719732,72.0207096272864,Marham,source,
Abrar Health Center Rustam,Other,,,Mardan,34.34232411436199,72.28885122808448,Marham,source,
Bacha khan dental college,Other,,,Mardan,34.3157914727587,72.09792741540741,Marham,district_centroid,
Dr mehran khan medical and diabetes clinic,Clinic,,,Mardan,34.3157914727587,72.09792741540741,Marham,district_centroid,
Gul Pharmacy and Healthcare Centre,Pharmacy,,,Mardan,34.33500100800928,72.2913214302419,Marham,source,
Khyber Hospital Mardan,Hospital,,,Mardan,34.191762,72.0516643,Marham,street,
Rudaba Medical Center,Other,,,Mardan,34.27632101310649,71.93319765504356,Marham,source,
Shaheed Farooq hospital,Hospital,,,Mardan,34.3157914727587,72.09792741540741,Marham,district_centroid,
Abrar Health Center,Other,,,Mardan,34.15612903871424,72.02669845396584,Marham,source,
Ahmad Medical Complex,Other,,,Mardan,34.216081448538496,72.02167493428388,Marham,source,
Al-Madina Medical & surgical Center,Other,,,Mardan,34.36071924515453,72.0732214134905,Marham,source,
Anwar Medical Centre,Other,,,Mardan,34.198937916693495,72.04130138611465,Marham,source,
Baizai Surgical Complex,Other,,,Mardan,34.35673325589619,72.07280557116351,Marham,source,
Dhq Hospital,Hospital,,,Mardan,34.210331,72.030847,Marham,source,
Dr Capt r muhammad iyaaz Clinic,Clinic,,,Mardan,34.3157914727587,72.09792741540741,Marham,district_centroid,
Dr Noor Islam Medical Center,Other,,,Mardan,34.28743314848013,71.92718846060825,Marham,source,
Dr. Mukarram Mustajab General surgery clinic,Clinic,,,Mardan,34.3157914727587,72.09792741540741,Marham,district_centroid,
Dr.Mukarram Mustajab,Other,,,Mardan,34.3157914727587,72.09792741540741,Marham,district_centroid,
Eye Vision Center,Other,,,Mardan,34.3157914727587,72.09792741540741,Marham,district_centroid,
Gul Pharmacy and Healthcare Center,Pharmacy,,,Mardan,34.33518030612498,72.29136131534118,Marham,source,
Hyatt Medical Complex,Other,,,Mardan,34.3130565,71.910952,Marham,street,
MANSOOR MEDICAL & SURGICAL CENTER,Other,,,Mardan,34.30497479527844,71.91337381534655,Marham,source,
Mardan Poly Clinic,Clinic,,,Mardan,34.3157914727587,72.09792741540741,Marham,district_centroid,
Maryam Medical Care Center.,Other,,,Mardan,34.1758694387087,72.03218495273484,Marham,source,
"Musa Dental Clinic,",Clinic,,,Mardan,34.19222770266251,72.04498165767109,Marham,source,
Nigar orthopedics and general hospital,Hospital,,,Mardan,34.192173298406615,72.05113081349305,Marham,source,
Omeed Ki Kiran Foundation (Gynae Welfare Hospital & Thalassaemia/ Dialysis Center Mardan),Hospital,,,Mardan,34.3157914727587,72.09792741540741,Marham,district_centroid,
Rasheed Medical Center,Other,,,Mardan,34.3157914727587,72.09792741540741,Marham,district_centroid,
Wali Medical Center,Other,,,Mardan,34.1755043,72.0484834,Marham,street,
Zia Darman Hospital,Hospital,,,Mardan,34.18808877486226,72.03489640000457,Marham,source,
Qazi Hussain Ahmed Medical Complex,Other,,,Nowshera,33.92701029573449,71.98609985124564,Marham,district_centroid,
Humra Medical  Centre,Other,,,Nowshera,33.92701029573449,71.98609985124564,Marham,district_centroid,
Dr. Irfan Ullah Qazi Clinic,Clinic,,,Nowshera,33.92701029573449,71.98609985124564,Marham,district_centroid,
Dr Farhan Aziz Babar Clinic,Clinic,,,Nowshera,34.002314152463896,71.98734393068945,Marham,source,
Khalil Azam Medical Center,Other,,,Nowshera,33.92701029573449,71.98609985124564,Marham,district_centroid,
Rehmat medical center,Other,,,Nowshera,33.92701029573449,71.98609985124564,Marham,district_centroid,
Jehangir Clinic,Clinic,,,Nowshera,33.92701029573449,71.98609985124564,Marham,district_centroid,
Ayan Medicose Center,Other,,,Nowshera,34.00915213634769,71.79819619417556,Marham,source,
Nowshera clinical Laboratory,Clinic,,,Nowshera,34.00186140030922,71.98726270437338,Marham,source,
Kamal Medicose,Other,,,Nowshera,34.010152450419476,71.80006059204862,Marham,source,
Health Care Hospital,Hospital,,,Nowshera,34.013518967601996,71.96590476679903,Marham,source,
Ihsan Medical Center,Other,,,Nowshera,34.05594846919095,71.72168565656294,Marham,source,
Mehmood Homeopathic Clinic Hijama Center,Clinic,,,Nowshera,34.05718532215394,72.00793309999997,Marham,source,
Zaman Medical Center,Other,,,Nowshera,34.004566671452814,71.95862862328796,Marham,source,
Dr. sajjad gastro clinic,Clinic,,,Nowshera,33.92701029573449,71.98609985124564,Marham,district_centroid,
Mian Rashid Hussain Shaheed Memorial Hospital (Pabbi),Hospital,,,Nowshera,33.92701029573449,71.98609985124564,Marham,district_centroid,
Shifa Medical Centre,Other,,,Nowshera,33.92701029573449,71.98609985124564,Marham,district_centroid,
Wahab Medical Center,Other,,,Nowshera,33.92701029573449,71.98609985124564,Marham,district_centroid,
Aina Marzia Free Eye Care Hospital,Hospital,,,Nowshera,34.00350802356017,72.10855517055224,Marham,source,
Ajmiri child clinic,Clinic,,,Nowshera,33.92701029573449,71.98609985124564,Marham,district_centroid,
Rehman Medical Center,Other,,,Nowshera,34.0038045828243,71.98702514949784,Marham,source,
Darakhshan Homeo Clinic,Clinic,,,Nowshera,34.00276931817387,71.98979333019132,Marham,source,
Family Dental Care,Other,,,Nowshera,33.969315327158945,71.98295811349452,Marham,source,
Healthcare hospital,Hospital,,,Nowshera,33.92701029573449,71.98609985124564,Marham,district_centroid,
Nowshera Combined Military Hospital,Hospital,,,Nowshera,34.0037899969227,71.9931202288365,Marham,source,
Taj Medical Center,Other,,,Nowshera,33.92701029573449,71.98609985124564,Marham,district_centroid,Taj Medical Center
Dr IRFAN ULLAH QAZI CLINIC,Clinic,,,Nowshera,33.92701029573449,71.98609985124564,Marham,district_centroid,
Dr Jamal Clinic,Clinic,,,Nowshera,33.92701029573449,71.98609985124564,Marham,district_centroid,
Eat Right Feel Bright,Other,,,Nowshera,34.010703800674314,72.00054823160193,Marham,source,
Eye Department,Other,,,Nowshera,34.0015865,71.9847103,Marham,street,
Ibrahim Javed Dental Clinic (IJDC),Clinic,,,Nowshera,33.98560383987395,72.17473573880063,Marham,source,
Taj hospital hakim Abad,Hospital,,,Nowshera,34.009648687041214,72.03171962883619,Marham,source,
Rehman Medical Institute Hospital,Hospital,,,Peshawar,33.99408259838483,71.4515758305788,Marham,source,
Al-Khidmat Hospital,Hospital,,,Peshawar,34.000991037702214,71.5616377262904,Marham,source,Al Khidmat Hospital
Med Care Hospital,Hospital,,,Peshawar,33.993519970724265,71.47492618638395,Marham,source,
Khyber Teaching Hospital,Hospital,,,Peshawar,34.003157,71.5017261,Marham,source,
Institute Of Kidney Diseases,Other,,,Peshawar,33.930684082887154,71.595883419228,Marham,district_centroid,
Prime Hospital Complex,Hospital,,,Peshawar,34.036985,71.530295,Marham,source,
Khyber Medical Centre,Other,,,Peshawar,34.0045,71.559872,Marham,source,
Hayatabad Medical Complex Hospital,Hospital,,,Peshawar,33.99275580920812,71.44967816770078,Marham,source,
Mohmand Medical Complex,Other,,,Peshawar,34.0149748,71.5804899,Marham,source,
Pak Medical Center,Other,,,Peshawar,34.010007,71.564575,Marham,source,
Khattak Medical Center,Other,,,Peshawar,34.000989,71.561636,Marham,source,
Lady Reading Hospital,Hospital,,,Peshawar,34.01809034559788,71.567709933587,Marham,source,
Tayaba Mazhar Hospital,Hospital,,,Peshawar,33.930684082887154,71.595883419228,Marham,district_centroid,
Habib Medical Center,Other,,,Peshawar,34.0039532,71.5575908,Marham,source,
Afridi Medical Complex,Other,,,Peshawar,34.0076854,71.5195121,Marham,source,
Abaseen Hospital,Hospital,,,Peshawar,34.00267,71.560255,Marham,source,
Habib Medical Complex Hospital,Hospital,,,Peshawar,34.003967,71.557591,Marham,source,
Life Care Hospital Hayatabad,Hospital,,,Peshawar,34.21787157356877,71.43837698757899,Marham,source,
Mission Hospital,Hospital,,,Peshawar,34.0149748,71.5804899,Marham,source,
Ibrahimi Hospital & Trust,Hospital,,,Peshawar,33.930684082887154,71.595883419228,Marham,district_centroid,
Khushal Medical Center,Other,,,Peshawar,34.004376477733864,71.56163650978606,Marham,source,
Akbar Medical Centre,Other,,,Peshawar,34.000239,71.559622,Marham,source,
Al Shifa Child Care,Other,,,Peshawar,33.991625805806365,71.4918542711586,Marham,source,
Akbar Medical Center,Other,,,Peshawar,33.930684082887154,71.595883419228,Marham,district_centroid,Akbar Medical Center
Northwest General Hospital & Research Center,Hospital,,,Peshawar,33.9939914,71.4360194,Marham,source,Northwest General Hospital & Research Center
Dr Danish Neurology Clinic & Neuro-Diagnostic Center,Clinic,,,Peshawar,33.9943181755171,71.44999595094974,Marham,source,
Imperial Poly Clinic,Clinic,,,Peshawar,34.00621630581786,71.5621787955216,Marham,source,
Northwest General Hospital,Hospital,,,Peshawar,33.993993,71.43602,Marham,source,
Health Net Hospital,Hospital,,,Peshawar,33.97520286568061,71.476253427186,Marham,source,
Rahim Medical Center And Hospital,Hospital,,,Peshawar,34.0081873,71.5186285,Marham,source,
Said Anwar Medical Centre,Other,,,Peshawar,34.0039799,71.5556747,Marham,source,
Dr Rabeeka skin and laser clinic,Clinic,,,Peshawar,33.930684082887154,71.595883419228,Marham,district_centroid,
"Life Care Hospital & Research Institute, Peshawar",Hospital,,,Peshawar,33.99579907829228,71.43669421534038,Marham,source,
Khattak Eye Center,Other,,,Peshawar,33.9920713,71.4499731,Marham,source,
Peshawar Fertility Clinic,Clinic,,,Peshawar,34.00460254706314,71.56049882944772,Marham,source,
Dr Kalsoom Skin And Laser Clinic,Clinic,,,Peshawar,33.975525716177266,71.42875426931712,Marham,source,
Elegant Aesthetics (Plastic Surgery Clinic),Clinic,,,Peshawar,34.000681028305095,71.4976048222464,Marham,source,
Khushal Medical Center & Hospital,Hospital,,,Peshawar,34.003862,71.5610273,Marham,source,
Peshawar General Hospital,Hospital,,,Peshawar,33.930684082887154,71.595883419228,Marham,district_centroid,Peshawar General Hospital
Mmc General Hospital,Hospital,,,Peshawar,33.930684082887154,71.595883419228,Marham,district_centroid,MMC General Hospital
Franklin system,Other,,,Peshawar,33.930684082887154,71.595883419228,Marham,district_centroid,
Ilyas General Hospital,Hospital,,,Peshawar,33.9718254,71.4389307,Marham,source,
Dental Square (Family Dental Clinic ),Clinic,,,Peshawar,33.930684082887154,71.595883419228,Marham,district_centroid,
Al Shifa Healthcare Centre,Other,,,Peshawar,34.02567871339618,71.45502758238709,Marham,source,
Prof. Dr. Sajjad Ahmad Medical Center,Other,,,Peshawar,34.00402212241189,71.56036724300434,Marham,source,
Charsadda Medical Complex,Other,,,Peshawar,33.930684082887154,71.595883419228,Marham,district_centroid,
Azmat Clinic and Warda Maternity Home,Clinic,,,Peshawar,33.930684082887154,71.595883419228,Marham,district_centroid,
Al Shifa HealthCare Center,Other,,,Peshawar,33.930684082887154,71.595883419228,Marham,district_centroid,
Baba Medical Center,Other,,,Peshawar,33.930684082887154,71.595883419228,Marham,district_centroid,
Women & Childrens Hospital,Hospital,,,Peshawar,33.930684082887154,71.595883419228,Marham,district_centroid,
Yusaf Dental Practice,Other,,,Peshawar,33.930684082887154,71.595883419228,Marham,district_centroid,
De Looks Clinic,Clinic,,,Peshawar,33.997086834386614,71.4924421106013,Marham,source,
Kuwait Teaching Hospital,Hospital,,,Peshawar,33.930684082887154,71.595883419228,Marham,district_centroid,Kuwait Teaching Hospital
Momand Medical Complex Hospital,Hospital,,,Peshawar,34.004532,71.559084,Marham,source,
Dr Kashif Aesthetic Studio,Other,,,Peshawar,33.9958383,71.5008584,Marham,source,
"GROW Inn Hair Transplant, Cosmetic and Laser Clinic",Clinic,,,Peshawar,33.930684082887154,71.595883419228,Marham,district_centroid,
KTH Khyber Teaching Hospital,Hospital,,,Peshawar,33.930684082887154,71.595883419228,Marham,district_centroid,
Paracha Medical Center,Other,,,Peshawar,33.930684082887154,71.595883419228,Marham,district_centroid,
Aesthatic Dental cLINIC,Clinic,,,Peshawar,33.930684082887154,71.595883419228,Marham,district_centroid,
Dir Medical Centre,Other,,,Peshawar,34.009515712415535,71.56978164576633,Marham,source,
Afridi Medical Canter,Other,,,Peshawar,33.930684082887154,71.595883419228,Marham,district_centroid,
Dr Fida Painless Hospital Infertility & Research Centre,Hospital,,,Peshawar,33.975070841143356,71.47651272944762,Marham,source,
Peshawar Institute of Cardiology,Other,,,Peshawar,33.930684082887154,71.595883419228,Marham,district_centroid,
KHYBER MEDICAL UNIVERSITY HOSPITAL AND RESEARCH CENTRE,Hospital,,,Peshawar,33.988488031480465,71.43874176931476,Marham,source,
Adnan Neurology Clinic,Clinic,,,Peshawar,33.930684082887154,71.595883419228,Marham,district_centroid,
Hammad Medical Center,Other,,,Peshawar,33.930684082887154,71.595883419228,Marham,district_centroid,
Lady Reading,Other,,,Peshawar,34.190613161481075,71.55884608757628,Marham,source,
Saidan Shah Building,Other,,,Peshawar,33.930684082887154,71.595883419228,Marham,district_centroid,
Akbar Medical Center,Other,,,Peshawar,34.000203506411765,71.55962818220894,Marham,source,
Dr sadaf khanzada,Other,,,Peshawar,33.99616333795512,71.48961068836181,Marham,source,
Habib Medical Center,Other,,,Peshawar,34.0028342,71.5571689,Marham,street,
Irfan General Hospital,Hospital,,,Peshawar,34.025962254276045,71.57318807177168,Marham,source,
Majeed Clinic,Clinic,,,Peshawar,33.997446602879,71.54003156005365,Marham,source,
Frontier Corps Teaching Hospital Peshawar,Hospital,,,Peshawar,33.95115564550292,71.43081154551554,Marham,source,
Family Dental Clinic,Clinic,,,Peshawar,33.930684082887154,71.595883419228,Marham,district_centroid,
Misri Khan Dental Professionals,Other,,,Peshawar,34.00771045468134,71.51987442767216,Marham,source,
Shifa General Hospital,Hospital,,,Peshawar,33.9957114,71.4895966,Marham,street,
Al Ibrahimi Hospital and Trust,Hospital,,,Peshawar,33.930684082887154,71.595883419228,Marham,district_centroid,
Dr Shaheryar Ansari Clinic,Clinic,,,Peshawar,34.00391936380421,71.56094150309781,Marham,source,
Sugar Hospital,Hospital,,,Peshawar,33.99034210090651,71.43611107673149,Marham,source,Sugar Hospital
"Cosmetic Dentistry & Facial Esthetics, Dr. Faisal Mansoor & Associates",Other,,,Peshawar,34.00991572779812,71.56471601751348,Marham,source,
Muhammad Medical Complex Phase 5,Other,,,Peshawar,33.98895239517166,71.43415310777621,Marham,source,
Skin Care Clinic,Clinic,,,Peshawar,33.930684082887154,71.595883419228,Marham,district_centroid,
Dr. Habib Hair Transplant,Other,,,Peshawar,34.0009188,71.4987173,Marham,source,
Lady Reading Hospital Peshawar,Hospital,,,Peshawar,34.01074891658383,71.56872235581909,Marham,source,
Aesthetica Plastika,Other,,,Peshawar,34.005702591131204,71.50564877055245,Marham,source,
Combined Military Hospital (CMH),Hospital,,,Peshawar,34.0033769,71.5423502,Marham,source,
Deans Trade Center,Other,,,Peshawar,33.998623,71.468713,Marham,source,
Alkhidmat Hospital,Hospital,,,Peshawar,34.01526838521284,71.586620669312,Marham,source,
Pak Medical Center,Other,,,Peshawar,33.930684082887154,71.595883419228,Marham,district_centroid,
Samad Building,Other,,,Peshawar,33.930684082887154,71.595883419228,Marham,district_centroid,
Dr Sami ullah khalil,Other,,,Peshawar,33.930684082887154,71.595883419228,Marham,district_centroid,
Naseer Teaching Hospital,Hospital,,,Peshawar,34.0075031,71.462257,Marham,source,
Dr Wajiha Mazhar Clinic,Clinic,,,Peshawar,33.930684082887154,71.595883419228,Marham,district_centroid,
Frontier Corps Teaching Hospital,Hospital,,,Peshawar,33.94533503002446,71.43021073068944,Marham,source,
Shafqat Dental Clinic And Implant Center,Clinic,,,Peshawar,33.99751,71.476762,Marham,source,
Alkhidmat Foundation,Other,,,Peshawar,34.0161375,71.5869839,Marham,source,
Mubarak Medical Center,Other,,,Peshawar,33.930684082887154,71.595883419228,Marham,district_centroid,
City Hospital,Hospital,,,Peshawar,33.930684082887154,71.595883419228,Marham,district_centroid,
Fauji Foundation Hospital,Hospital,,,Peshawar,32.7749698,70.5786327,Marham,source,
Institute Of Kidney Diseases - IKD,Other,,,Peshawar,33.992193165529415,71.44661571349303,Marham,source,
Khwaja Younas Rehab Centre,Other,,,Peshawar,34.03051728487088,71.53236322731965,Marham,source,
Nourish Diet Clinic,Clinic,,,Peshawar,34.000566131306094,71.49721854765282,Marham,source,
Shahid Medical Center,Other,,,Peshawar,33.994236520441035,71.45075676756106,Marham,source,Shahid Medical Center
Gut care clinic,Clinic,,,Peshawar,33.930684082887154,71.595883419228,Marham,district_centroid,
Northwest School of Medicine,Other,,,Peshawar,33.995307918029006,71.4392760829058,Marham,source,
Cancer Health Clinic,Clinic,,,Peshawar,33.99436394697532,71.45187655767131,Marham,source,
Dr Javed clinic,Clinic,,,Peshawar,34.02117018883942,71.61071589999999,Marham,source,
Dr. Nadia Khattak,Other,,,Peshawar,33.97494047146687,71.42930001534263,Marham,source,
Shah Hospital,Hospital,,,Peshawar,34.00943985484889,71.57072440770435,Marham,source,
Al Khidmat Hospital,Hospital,,,Peshawar,34.0142726,71.5864203,Marham,source,Al Khidmat Hospital
Dr Nazir & Associates Dental Care Center,Other,,,Peshawar,33.930684082887154,71.595883419228,Marham,district_centroid,
Dr syed mohamad farhatullah,Other,,,Peshawar,33.930684082887154,71.595883419228,Marham,district_centroid,
Peshawar Institute Of Medical Sciences Hospital,Hospital,,,Peshawar,33.9922076,71.437165,Marham,source,
Rehman Implant Centre,Other,,,Peshawar,33.930684082887154,71.595883419228,Marham,district_centroid,
Executive Clinic Sardar Begum Dental Hospital,Hospital,,,Peshawar,33.930684082887154,71.595883419228,Marham,district_centroid,
Institute Of Radiotherapy And Nuclear Medicine Hospital,Hospital,,,Peshawar,33.930684082887154,71.595883419228,Marham,district_centroid,
Shangrila Tower,Other,,,Peshawar,34.00400685934197,71.56038169326324,Marham,source,
Deans Medicine Center,Other,,,Peshawar,33.99507194577215,71.44977134602661,Marham,source,
Dr Sadaf Naz Khan Gynae and aesthetic clinic,Clinic,,,Peshawar,33.991685839503205,71.53688587116434,Marham,source,
Peshawar Polyclinic & Diagnostic Center,Clinic,,,Peshawar,34.00795395437711,71.46238234789612,Marham,source,
Pims Hospital,Hospital,,,Peshawar,33.99231,71.437511,Marham,source,
The Dental Lounge,Other,,,Peshawar,34.00081093861644,71.49655182944774,Marham,source,
Women Medical and Dental Clinic,Clinic,,,Peshawar,33.930684082887154,71.595883419228,Marham,district_centroid,
Dr Pir Muhammad Zahid Clinic,Clinic,,,Peshawar,34.004412373569465,71.55989162318177,Marham,source,
Dr. Javed Ali Khan,Other,,,Peshawar,34.01001716754232,71.5645387,Marham,source,
MUHAMMAD MEDICAL COMPLEX PHASE 5,Other,,,Peshawar,34.1451629740956,71.42795372426761,Marham,source,
Pak Medical Center and Hospital,Hospital,,,Peshawar,34.00999017971517,71.56461952698292,Marham,source,
Wing Commander (Rtd) Muhammad Akram,Other,,,Peshawar,33.930684082887154,71.595883419228,Marham,district_centroid,
Abdullah Dental Care,Other,,,Peshawar,33.96459439131934,71.44138808850775,Marham,source,
Aziz Surgical Clinic,Clinic,,,Peshawar,33.930684082887154,71.595883419228,Marham,district_centroid,
Dr Baleegh Mufti Clinic,Clinic,,,Peshawar,34.00670947085292,71.56288510166816,Marham,source,
Marwat Dental Clinic (Dr. Shahid Ahmed),Clinic,,,Peshawar,33.98310145240123,71.45734475889543,Marham,source,
Misrikhan Dental Clinic (Nasir Bagh Branch),Clinic,,,Peshawar,34.001357447233104,71.4682189177909,Marham,source,
Modern Kidney Stone Centre,Other,,,Peshawar,33.930684082887154,71.595883419228,Marham,district_centroid,
Mohammadi Medical Centre,Other,,,Peshawar,33.995718183176045,71.49402855276143,Marham,source,
Noor Maternity & infertility center,Other,,,Peshawar,33.99092890249611,71.5473220116473,Marham,source,
Abasen Hospital,Hospital,,,Peshawar,33.930684082887154,71.595883419228,Marham,district_centroid,
Amjad Homeopathic Centre,Other,,,Peshawar,33.930684082887154,71.595883419228,Marham,district_centroid,
Arif diagnostic Hospital,Hospital,,,Peshawar,33.99126315766142,71.4363104342916,Marham,source,
Auqaf Plaza Medical Centre,Other,,,Peshawar,34.0123846,71.5787458,Marham,street,
Dr Rahmatullah Dental and Periodontal Plastic Surgeon Clinic,Clinic,,,Peshawar,34.02768898891749,71.59810064603201,Marham,source,
Jq asthetic and physical therapy clinic,Clinic,,,Peshawar,34.00086842140894,71.54252319999999,Marham,source,
Khan Co Dental Clinic,Clinic,,,Peshawar,34.00784414646965,71.52270258105314,Marham,source,
Makkah medical centre (Old Tika Hospital),Hospital,,,Peshawar,33.930684082887154,71.595883419228,Marham,district_centroid,
"Mohmand Medical Centre, Peshawar",Other,,,Peshawar,34.00356635080098,71.5412561850472,Marham,source,
Painless living by Dr. Haider Ali,Other,,,Peshawar,34.008029391365895,71.46210234232701,Marham,source,
POPULAR Homoeopathic Clinic,Clinic,,,Peshawar,34.016658981958614,71.61463015594244,Marham,source,
Sadia Gynae Centre,Other,,,Peshawar,33.99407455192827,71.45011434154313,Marham,source,
Al Raahim Clinic,Clinic,,,Peshawar,33.99901692548945,71.56464191174217,Marham,source,
Alhidmat hospital dabgari garden,Hospital,,,Peshawar,34.003470703370866,71.55979160000001,Marham,source,
Aman Hospital,Hospital,,,Peshawar,34.0033418,71.561478,Marham,source,Aman hospital
Sina Labs,Facility,,,Peshawar,33.99416647064452,71.45205982764737,Marham,source,
Sukoon Clinic (Dr Asif Gandapur),Clinic,,,Peshawar,33.97508798482714,71.42839162883618,Marham,source,
Al Awan Dental Clinic,Clinic,,,Peshawar,34.02443533961441,71.57767941534472,Marham,source,
Aman General Hospital,Hospital,,,Peshawar,34.002550947140186,71.5599137543618,Marham,source,
"Cosmetic Expert Hair Transplant, Skin And Plastic Surgery Clinic",Clinic,,,Peshawar,33.998808541971904,71.49265663318636,Marham,source,
Dr Mehreen Nisar Clinic,Clinic,,,Peshawar,34.004405147075246,71.55989217055406,Marham,source,
Dr Nadeemullah Ultrasound,Other,,,Peshawar,34.011997690714296,71.56756586632291,Marham,source,
Dr Sohail Sarwar-BEST On Line Homeopathic clinic,Clinic,,,Peshawar,33.99537772026512,71.54215988650853,Marham,source,
Dr. Ihsan Khattak Mateen Medical Centre,Other,,,Peshawar,33.9958158,71.496636,Marham,street,
Dr. Qureshi Clinic,Clinic,,,Peshawar,33.930684082887154,71.595883419228,Marham,district_centroid,
Dr. Umar Farooq Rahim Medical Center,Other,,,Peshawar,34.01563502028506,71.58308025771167,Marham,source,
Dr. Zahoor Physiotherapy Clinic,Clinic,,,Peshawar,34.030875479952414,71.6056835,Marham,source,
Elevé by Dr Umama,Other,,,Peshawar,33.97526515201772,71.42880886763666,Marham,source,
Peshawar Dental Tooth Clinic,Clinic,,,Peshawar,33.990074,71.477371,Marham,street,
"Prof. Dr. Rashid Mahmood, Khidmat Clinic",Clinic,,,Peshawar,33.930684082887154,71.595883419228,Marham,district_centroid,
Rehab Care Clinic,Clinic,,,Peshawar,34.00929984243911,71.56967218662166,Marham,source,
Sahibzada Medical Centre,Other,,,Peshawar,33.930684082887154,71.595883419228,Marham,district_centroid,
Shirin Shah Memorial Hospital,Hospital,,,Peshawar,34.009813305793436,71.5715862846596,Marham,source,
The Splash of Cure Family Homeo Clinic,Clinic,,,Peshawar,34.12356466714619,71.5963894353452,Marham,source,
Zia Medical Complex,Other,,,Peshawar,33.997848331615074,71.46563901267953,Marham,source,
Children Medical Center,Other,,,Peshawar,34.0039821,71.5574487,Marham,source,
De-Dentist clinic,Clinic,,,Peshawar,33.930684082887154,71.595883419228,Marham,district_centroid,
Dent Orth Hospital,Hospital,,,Peshawar,33.930684082887154,71.595883419228,Marham,district_centroid,
Dr Tabassum Ajmal Clinic,Clinic,,,Peshawar,34.00581708331857,71.46394905259928,Marham,source,
Dr Zain Orthopaedic Clinic,Clinic,,,Peshawar,33.930684082887154,71.595883419228,Marham,district_centroid,
Dr. Hameed Awan and Associates Dental Clinic,Clinic,,,Peshawar,33.975332497190685,71.42806358834318,Marham,source,
Dr. M. Irfan & Dr. Mahmood Implant and Dental Clinic,Clinic,,,Peshawar,33.930684082887154,71.595883419228,Marham,district_centroid,
Dr. Munir Ahmed,Other,,,Peshawar,33.930684082887154,71.595883419228,Marham,district_centroid,
Dr. Rizwan Medical Center,Other,,,Peshawar,33.930684082887154,71.595883419228,Marham,district_centroid,
Family Health Clinic  And Maternity Home,Clinic,,,Peshawar,34.09669652048643,71.49459313872921,Marham,source,
Gyne Care Clinic,Clinic,,,Peshawar,33.930684082887154,71.595883419228,Marham,district_centroid,
Hearing and Speech Therapy Clinic,Clinic,,,Peshawar,33.930684082887154,71.595883419228,Marham,district_centroid,
Home Visit (Hayatabad),Other,,,Peshawar,33.967316227406066,71.43198911440936,Marham,source,
Ibrahimi Medical Centre,Other,,,Peshawar,33.930684082887154,71.595883419228,Marham,district_centroid,
Institutional Based Private Practice (IBPP),Other,,,Peshawar,34.01171673371286,71.56736233378204,Marham,source,
KMU Hospital & Research Center,Hospital,,,Peshawar,33.98849884943248,71.4387806250767,Marham,source,
Nowshera Cardiac Diagnostic Centre,Other,,,Peshawar,33.930684082887154,71.595883419228,Marham,district_centroid,
Onco Care Clinic,Clinic,,,Peshawar,33.975026807831476,71.45576646931384,Marham,source,
Pak Medical Center,Other,,,Peshawar,33.930684082887154,71.595883419228,Marham,district_centroid,
Paraplegic Centre,Other,,,Peshawar,33.9833270344434,71.44449900105029,Marham,source,
Peshawar Health Center,Other,,,Peshawar,34.01376097522105,71.58945323012152,Marham,source,
Saidaan Shah Medical Center,Other,,,Peshawar,34.0031615128518,71.55977074605494,Marham,source,
Shafique Psychiatric Clinic,Clinic,,,Peshawar,33.930684082887154,71.595883419228,Marham,district_centroid,
Shahab Orthopedic & General Hospital,Hospital,,,Peshawar,33.930684082887154,71.595883419228,Marham,district_centroid,
Shaheed Benazir Bhutto Women University,Other,,,Peshawar,34.0262037,71.5746443,Marham,street,
Shaheed dental clinic,Clinic,,,Peshawar,33.930684082887154,71.595883419228,Marham,district_centroid,
Stress Free Life HRD & Mental Health Services,Other,,,Peshawar,34.000417206525185,71.54502385592309,Marham,source,
Transform Plastic Surgery Clinic,Clinic,,,Peshawar,33.998235743447346,71.466759713493,Marham,source,Transform Plastic Surgery Clinic
Abaseen General Hospital,Hospital,,,Peshawar,34.00264168116495,71.5601962846588,Marham,source,
Abaseen Hospital.,Hospital,,,Peshawar,34.002800295494524,71.56014786730282,Marham,source,
Abasyn University,Other,,,Peshawar,34.03173227151685,71.58806244048412,Marham,source,
Abbas Health Cure Clinic,Clinic,,,Peshawar,33.930684082887154,71.595883419228,Marham,district_centroid,
AFTAB Medical Center,Other,,,Peshawar,34.0366947,71.5484145,Marham,street,
AI ortho clinic,Clinic,,,Peshawar,34.00392012546217,71.56034220000001,Marham,source,
Akhonzada Homeo Clinic,Clinic,,,Peshawar,33.930684082887154,71.595883419228,Marham,district_centroid,
Al Fajar Medical Center,Other,,,Peshawar,33.930684082887154,71.595883419228,Marham,district_centroid,
Al Haram Medical Center,Other,,,Peshawar,33.930684082887154,71.595883419228,Marham,district_centroid,
Al khidmat Hospital Dabgari Peshawar,Hospital,,,Peshawar,34.002334340267154,71.55981565582175,Marham,source,
Al Shifa Clinic,Clinic,,,Peshawar,33.97466542431507,71.42921639999997,Marham,source,
Al Shifa Medical Clinic,Clinic,,,Peshawar,33.930684082887154,71.595883419228,Marham,district_centroid,
Al-Maroof Maternity Services,Other,,,Peshawar,33.930684082887154,71.595883419228,Marham,district_centroid,
Al-Shifa laboratory & clinic,Clinic,,,Peshawar,33.930684082887154,71.595883419228,Marham,district_centroid,
Alam Dental Clinic,Clinic,,,Peshawar,33.930684082887154,71.595883419228,Marham,district_centroid,
AlFa Dental Clinic,Clinic,,,Peshawar,33.930684082887154,71.595883419228,Marham,district_centroid,
AlFajar,Other,,,Peshawar,33.930684082887154,71.595883419228,Marham,district_centroid,
Alfalah Medical Center,Other,,,Peshawar,33.930684082887154,71.595883419228,Marham,district_centroid,
Alfalah Medical Center & Hospital (Dabgari Garden),Hospital,,,Peshawar,33.930684082887154,71.595883419228,Marham,district_centroid,
Ali Clinic ( DHA ),Clinic,,,Peshawar,33.930684082887154,71.595883419228,Marham,district_centroid,
Ali General Hospital,Hospital,,,Peshawar,34.02086007689427,71.61137556441818,Marham,source,
Ali General Hospital,Hospital,,,Peshawar,33.930684082887154,71.595883419228,Marham,district_centroid,
Ali Medical Centre,Other,,,Peshawar,33.930684082887154,71.595883419228,Marham,district_centroid,
Alshifa Clinic,Clinic,,,Peshawar,33.930684082887154,71.595883419228,Marham,district_centroid,
Altaf Cardiac Care Clinic,Clinic,,,Peshawar,33.930684082887154,71.595883419228,Marham,district_centroid,
Aman Dental Services,Other,,,Peshawar,33.930684082887154,71.595883419228,Marham,district_centroid,
Aman Medical Center,Other,,,Peshawar,33.930684082887154,71.595883419228,Marham,district_centroid,
AndroUrology Clinic,Clinic,,,Peshawar,33.930684082887154,71.595883419228,Marham,district_centroid,
Anwar Medical Centre,Other,,,Peshawar,34.003392,71.5621425,Marham,source,
Ateeq Ayub Qureshi,Other,,,Peshawar,33.930684082887154,71.595883419228,Marham,district_centroid,
Atlas Medical Center,Other,,,Peshawar,34.009083518421285,71.51492309773913,Marham,source,
Awais Medical Center,Other,,,Peshawar,33.98600314288222,71.49892116767039,Marham,source,
B-6 Clinic,Clinic,,,Peshawar,33.930684082887154,71.595883419228,Marham,district_centroid,
Bangash and Associates Dental Clinic,Clinic,,,Peshawar,33.930684082887154,71.595883419228,Marham,district_centroid,
Barakzai Dental Clinic,Clinic,,,Peshawar,34.024221898210264,71.59364105092445,Marham,source,
Bashir Psychiatric Clinic,Clinic,,,Peshawar,33.930684082887154,71.595883419228,Marham,district_centroid,
BASIC HEALTH CARE CLINIC,Clinic,,,Peshawar,33.930684082887154,71.595883419228,Marham,district_centroid,
Being Spiritual,Other,,,Peshawar,33.930684082887154,71.595883419228,Marham,district_centroid,
Benazir Bhutto Hospital,Hospital,,,Peshawar,33.930684082887154,71.595883419228,Marham,district_centroid,
Brain & Spine Surgery Clinic,Clinic,,,Peshawar,33.930684082887154,71.595883419228,Marham,district_centroid,
Cambridge Opticians Hospital,Hospital,,,Peshawar,33.930684082887154,71.595883419228,Marham,district_centroid,
Cantonment General Hospital,Hospital,,,Peshawar,33.930684082887154,71.595883419228,Marham,district_centroid,
Cantt General Hospital,Hospital,,,Peshawar,33.930684082887154,71.595883419228,Marham,district_centroid,
Cantt Medical Centre,Other,,,Peshawar,33.930684082887154,71.595883419228,Marham,district_centroid,
Caring and Curing Center,Other,,,Peshawar,34.0022483,71.5504094,Marham,street,
Cat D Gharak Tajuk  Family Clinic,Clinic,,,Peshawar,34.14287064920458,71.45525314232763,Marham,source,
Cena Poly Clinic,Clinic,,,Peshawar,33.930684082887154,71.595883419228,Marham,district_centroid,
City Dental Clinic,Clinic,,,Peshawar,33.930684082887154,71.595883419228,Marham,district_centroid,
City Medical Center,Other,,,Peshawar,33.930684082887154,71.595883419228,Marham,district_centroid,
City Tower Jahangir Abad University Road,Other,,,Peshawar,33.930684082887154,71.595883419228,Marham,district_centroid,
Clinic B-1 (Abaseen Medical Center),Clinic,,,Peshawar,34.0038324,71.5600578,Marham,street,
Clinic F-3 (Dr Munawar Gull),Clinic,,,Peshawar,33.930684082887154,71.595883419228,Marham,district_centroid,
Cosmetic Expert Clinic,Clinic,,,Peshawar,33.930684082887154,71.595883419228,Marham,district_centroid,
Danyal Clinic,Clinic,,,Peshawar,34.03066934696554,71.52965068105401,Marham,source,
Dars Dental Clinic,Clinic,,,Peshawar,33.930684082887154,71.595883419228,Marham,district_centroid,
de-Dentist Dental Clinic,Clinic,,,Peshawar,33.97501312399092,71.42952374522413,Marham,source,
DENTAL SQUARE Family Dental Clinic,Clinic,,,Peshawar,33.930684082887154,71.595883419228,Marham,district_centroid,
Dental Works Hospital,Hospital,,,Peshawar,33.9967088,71.4669048,Marham,source,
Dentist Family Dental Care,Other,,,Peshawar,33.930684082887154,71.595883419228,Marham,district_centroid,
Derma Plasty Clinic,Clinic,,,Peshawar,33.930684082887154,71.595883419228,Marham,district_centroid,
Dermatology and aesthetics,Other,,,Peshawar,34.0253153964327,71.45008849618644,Marham,source,
DHQ Hospital Wana,Hospital,,,Peshawar,32.298751775346354,69.59702826528563,Marham,source,
Diabetes Management Clinic,Clinic,,,Peshawar,33.930684082887154,71.595883419228,Marham,district_centroid,
Doctor Bilal Hospital,Hospital,,,Peshawar,33.930684082887154,71.595883419228,Marham,district_centroid,
Dr Abdul Sattar Clinic,Clinic,,,Peshawar,33.930684082887154,71.595883419228,Marham,district_centroid,Dr. Abdul Sattar Clinic
Dr Ali Rizwan & Associates,Other,,,Peshawar,33.930684082887154,71.595883419228,Marham,district_centroid,
"Dr AQ Khan Skin, Hair and Nail Clinic",Clinic,,,Peshawar,33.930684082887154,71.595883419228,Marham,district_centroid,
Dr arsalan clinic,Clinic,,,Peshawar,33.930684082887154,71.595883419228,Marham,district_centroid,
Dr Asif Anjum Children's Clinic,Clinic,,,Peshawar,33.930684082887154,71.595883419228,Marham,district_centroid,
Dr Azhar Shah Clinic,Clinic,,,Peshawar,33.930684082887154,71.595883419228,Marham,district_centroid,
Dr Dilaram Khan Clinic,Clinic,,,Peshawar,33.930684082887154,71.595883419228,Marham,district_centroid,
Dr Fida Painless Hospital,Hospital,,,Peshawar,33.930684082887154,71.595883419228,Marham,district_centroid,
Dr Haroon Dental Specialist Clinic,Clinic,,,Peshawar,33.930684082887154,71.595883419228,Marham,district_centroid,Haroon Dental Specialist Clinic
Dr Ihsan Plastic Surgery and Hair Transplant,Other,,,Peshawar,33.930684082887154,71.595883419228,Marham,district_centroid,
Dr Ihsan Ullah Clinic,Clinic,,,Peshawar,33.930684082887154,71.595883419228,Marham,district_centroid,
Dr ImranUllah Clinic,Clinic,,,Peshawar,33.930684082887154,71.595883419228,Marham,district_centroid,
Dr Maria Khalil Clinic,Clinic,,,Peshawar,33.930684082887154,71.595883419228,Marham,district_centroid,
Dr Mian Iftikhar Psychiatry Hospital,Hospital,,,Peshawar,33.930684082887154,71.595883419228,Marham,district_centroid,
Dr Mohammed Idrees Clinic,Clinic,,,Peshawar,33.930684082887154,71.595883419228,Marham,district_centroid,
Dr Muneer Ahmed Clinic,Clinic,,,Peshawar,33.930684082887154,71.595883419228,Marham,district_centroid,
Dr Musarrat Hussain Clinic,Clinic,,,Peshawar,33.930684082887154,71.595883419228,Marham,district_centroid,
Dr Mushtaq Shams Neurosurgeon Clinic,Clinic,,,Peshawar,33.9992975,71.5567073,Marham,street,
Dr Nauman Wazir Clinic,Clinic,,,Peshawar,34.0298362222418,71.53324333731257,Marham,source,
Dr Naveed Irfan Clinic,Clinic,,,Peshawar,33.97464523690188,71.42928875686175,Marham,source,
Dr Noor Faraz Psychiatrist Clinic,Clinic,,,Peshawar,33.930684082887154,71.595883419228,Marham,district_centroid,
Dr Qazi Amjad Ali Clinic,Clinic,,,Peshawar,33.930684082887154,71.595883419228,Marham,district_centroid,
Dr Rahid Murtaza And Associates Dental Surgeons,Other,,,Peshawar,34.0016439103346,71.49841402074833,Marham,source,
Dr Riaz Shahid Clinic,Clinic,,,Peshawar,33.930684082887154,71.595883419228,Marham,district_centroid,
Dr Saima Dental Clinic,Clinic,,,Peshawar,33.97491698781471,71.4293180441367,Marham,source,
Dr Sajid & Associates,Other,,,Peshawar,33.930684082887154,71.595883419228,Marham,district_centroid,
Dr Sajjad Ahmad Khan Clinic,Clinic,,,Peshawar,33.930684082887154,71.595883419228,Marham,district_centroid,
Dr Shafi orthopedic and Spine Clinic,Clinic,,,Peshawar,34.01160605995929,71.57248040983394,Marham,source,
Dr Shahab Holistic Healthcare clinic,Clinic,,,Peshawar,33.930684082887154,71.595883419228,Marham,district_centroid,
Dr Shoaib Muhammad Surgery Clinic,Clinic,,,Peshawar,33.930684082887154,71.595883419228,Marham,district_centroid,
Dr Sulaiman Dawood ORTHOPEDIC SURGEON,Other,,,Peshawar,33.930684082887154,71.595883419228,Marham,district_centroid,
Dr Tahir Ghaffar Khattak Clinic (IBP),Clinic,,,Peshawar,33.930684082887154,71.595883419228,Marham,district_centroid,
Dr Ubaid Ullah Clinic,Clinic,,,Peshawar,34.00463798530761,71.55854370996494,Marham,source,
Dr Umair Ali Clinic,Clinic,,,Peshawar,33.930684082887154,71.595883419228,Marham,district_centroid,
Dr Usman Attique Clinic (Eye Specialist),Clinic,,,Peshawar,33.930684082887154,71.595883419228,Marham,district_centroid,
"Dr. Abdul Hanan Bangash Clinic, Khatak Medical Center",Clinic,,,Peshawar,33.930684082887154,71.595883419228,Marham,district_centroid,
Dr. Abdus Subhan Clinic,Clinic,,,Peshawar,33.930684082887154,71.595883419228,Marham,district_centroid,
Dr. Adnan Ali Shah Clinic,Clinic,,,Peshawar,33.930684082887154,71.595883419228,Marham,district_centroid,
Dr. Afzal Ur Rehman Clinic,Clinic,,,Peshawar,33.9645978186354,71.41119070026306,Marham,source,
Dr. Amer Khan Dental Care,Other,,,Peshawar,34.00107167244934,71.49718414723866,Marham,source,
Dr. Asia Dental Clinic,Clinic,,,Peshawar,33.930684082887154,71.595883419228,Marham,district_centroid,
Dr. Asmat Ara Khattak Clinic,Clinic,,,Peshawar,33.930684082887154,71.595883419228,Marham,district_centroid,
Dr. Awais Khan Dental Care,Other,,,Peshawar,33.930684082887154,71.595883419228,Marham,district_centroid,
Dr. Deeba Kalim clinic .,Clinic,,,Peshawar,33.930684082887154,71.595883419228,Marham,district_centroid,
"Dr. Farooq Ahmad Clinic, Khatak Medical Center",Clinic,,,Peshawar,33.930684082887154,71.595883419228,Marham,district_centroid,
Dr. Hanif Dental Clinic,Clinic,,,Peshawar,33.930684082887154,71.595883419228,Marham,district_centroid,
Dr. Imad Bashir Clinic,Clinic,,,Peshawar,33.9988469,71.4523269,Marham,street,
Dr. Iqtidarullah Babar Clinic,Clinic,,,Peshawar,33.930684082887154,71.595883419228,Marham,district_centroid,
Dr. Irfan Urology Clinic,Clinic,,,Peshawar,33.930684082887154,71.595883419228,Marham,district_centroid,
Dr. Kalsoom's Skin & Laser Clinic,Clinic,,,Peshawar,33.930684082887154,71.595883419228,Marham,district_centroid,
Dr. Khalid Ullah Wazir Clinic,Clinic,,,Peshawar,33.930684082887154,71.595883419228,Marham,district_centroid,
Dr. kifayat clinic,Clinic,,,Peshawar,33.930684082887154,71.595883419228,Marham,district_centroid,
Dr. Majid Kakakhel Urology and Stone Clinic,Clinic,,,Peshawar,33.930684082887154,71.595883419228,Marham,district_centroid,
Dr. Mudassir Mahboob Plastic Surgery Clinic,Clinic,,,Peshawar,33.930684082887154,71.595883419228,Marham,district_centroid,
Dr. Muhammad Ali Qureshi,Other,,,Peshawar,33.930684082887154,71.595883419228,Marham,district_centroid,
"Dr. Muhammad Anees Clinic, Khatak Medical Center",Clinic,,,Peshawar,33.930684082887154,71.595883419228,Marham,district_centroid,
"Dr. Najm Ud Din Clinic, Khatak Medical Center",Clinic,,,Peshawar,33.930684082887154,71.595883419228,Marham,district_centroid,
Dr. Ramiz Khan Clinic,Clinic,,,Peshawar,33.930684082887154,71.595883419228,Marham,district_centroid,
Dr. Rehana Rahim Clinic,Clinic,,,Peshawar,34.01934,71.4895188,Marham,street,
Dr. safi Ullah Khan Clinic,Clinic,,,Peshawar,34.01013913040611,71.5826511931445,Marham,source,
"Dr. Saifullah Khan Clinic, Khatak Medical Center",Clinic,,,Peshawar,33.930684082887154,71.595883419228,Marham,district_centroid,
Dr. Sajjad Ahmad Clinic,Clinic,,,Peshawar,33.930684082887154,71.595883419228,Marham,district_centroid,
"Dr. Samina Firdous Clinic, Khatak Medical Center",Clinic,,,Peshawar,33.930684082887154,71.595883419228,Marham,district_centroid,
Dr. Sarah Signature Dental,Other,,,Peshawar,33.930684082887154,71.595883419228,Marham,district_centroid,
Dr. Sayed Shah Clinic,Clinic,,,Peshawar,33.930684082887154,71.595883419228,Marham,district_centroid,
"Dr. Seema Noor Clinic, Khattak Medical Center",Clinic,,,Peshawar,33.930684082887154,71.595883419228,Marham,district_centroid,
Dr. Shahid Rizwan Clinic,Clinic,,,Peshawar,34.00359654385248,71.55997328436275,Marham,source,
Dr. Shaida Homeo Clinic,Clinic,,,Peshawar,33.930684082887154,71.595883419228,Marham,district_centroid,
Dr. Shaukat Hayat Clinic,Clinic,,,Peshawar,33.930684082887154,71.595883419228,Marham,district_centroid,
Dr. Sulaiman Dawood Orthopaedic Surgeon new,Other,,,Peshawar,34.00078973948821,71.55986922387882,Marham,source,
Dr. Tanveer Ahmed’s Clinic,Clinic,,,Peshawar,33.975085276551724,71.42884071163819,Marham,source,
Dr. Wajid Ali Akhunzada Clinic,Clinic,,,Peshawar,33.930684082887154,71.595883419228,Marham,district_centroid,
Dr. Waqas Infertility And Sexual Disorders Center,Other,,,Peshawar,33.930684082887154,71.595883419228,Marham,district_centroid,
Dr.kifayat clinic,Clinic,,,Peshawar,33.930684082887154,71.595883419228,Marham,district_centroid,
Durrani Dental Clinic,Clinic,,,Peshawar,34.009562928363295,71.5681813460243,Marham,source,
Elegant Aesthetics,Other,,,Peshawar,33.930684082887154,71.595883419228,Marham,district_centroid,
Emarat General Hospital,Hospital,,,Peshawar,33.930684082887154,71.595883419228,Marham,district_centroid,
Emarat General Hospital And Institute Of Medical Sciences,Hospital,,,Peshawar,33.930684082887154,71.595883419228,Marham,district_centroid,
Faisal Medical Complex,Other,,,Peshawar,33.912556923378006,71.45539860000001,Marham,source,
Faisal Medical Complex,Other,,,Peshawar,33.930684082887154,71.595883419228,Marham,district_centroid,
Fauji Foundation Hospital,Hospital,,,Peshawar,33.930684082887154,71.595883419228,Marham,district_centroid,
Fida Medical Centre,Other,,,Peshawar,33.930684082887154,71.595883419228,Marham,district_centroid,
Get well pharmacy,Pharmacy,,,Peshawar,33.98064093287876,71.45335708465882,Marham,source,
Ghazali Rehab Clinic,Clinic,,,Peshawar,33.930684082887154,71.595883419228,Marham,district_centroid,
Gul Medical Center,Other,,,Peshawar,33.930684082887154,71.595883419228,Marham,district_centroid,
Gulab Noor Afridi Clinic,Clinic,,,Peshawar,33.930684082887154,71.595883419228,Marham,district_centroid,
Gymnacity Fitness & Rehabilitation,Other,,,Peshawar,33.930684082887154,71.595883419228,Marham,district_centroid,
Gymnacity Fitness and Physiotherapy,Other,,,Peshawar,33.930684082887154,71.595883419228,Marham,district_centroid,
Habib Physiotherapy Complex,Other,,,Peshawar,33.9767168,71.4372584,Marham,street,
Hafsa Mansion,Other,,,Peshawar,34.00433488058461,71.55940400672873,Marham,source,
Hair Plus Hair Transplant Center,Other,,,Peshawar,34.00095938269658,71.49716804110453,Marham,source,
Hamdan Maternity Home,Other,,,Peshawar,33.930684082887154,71.595883419228,Marham,district_centroid,
Hameed Awan & Associates,Other,,,Peshawar,33.930684082887154,71.595883419228,Marham,district_centroid,
Hammad Diagnostic Center,Other,,,Peshawar,34.0040236,71.5044516,Marham,street,
Hammad Medical Centre,Other,,,Peshawar,33.930684082887154,71.595883419228,Marham,district_centroid,
Hamza Surgical Center,Other,,,Peshawar,33.99647833083095,71.49129214603201,Marham,source,
Hayatabad Medical Complex,Other,,,Peshawar,33.992728332222015,71.44961612698016,Marham,source,
health care physiotherapy and Rehabilitation clinic,Clinic,,,Peshawar,33.930684082887154,71.595883419228,Marham,district_centroid,
Health Plus Physiotherapy & Rehab Clinic,Clinic,,,Peshawar,33.930684082887154,71.595883419228,Marham,district_centroid,
Health Plus Physiotherapy And Rehabilitation Center,Other,,,Peshawar,34.0054103,71.4706306,Marham,street,
Home Visit Peshawar (only for female patients),Other,,,Peshawar,33.930684082887154,71.595883419228,Marham,district_centroid,
Hope Medical Dental & Diagnostics,Other,,,Peshawar,33.930684082887154,71.595883419228,Marham,district_centroid,
Ibadat Hospital Nishtar Abad,Hospital,,,Peshawar,33.930684082887154,71.595883419228,Marham,district_centroid,
IBP Khyber Teaching Hospital,Hospital,,,Peshawar,34.0144801,71.568123,Marham,street,
Iftikhar Dental Clinic,Clinic,,,Peshawar,33.930684082887154,71.595883419228,Marham,district_centroid,
IKD HMC / MIR Fertility Center,Other,,,Peshawar,33.930684082887154,71.595883419228,Marham,district_centroid,
Infinite Dent,Other,,,Peshawar,33.930684082887154,71.595883419228,Marham,district_centroid,
Innovative Spine Center,Other,,,Peshawar,33.930684082887154,71.595883419228,Marham,district_centroid,
Iram Jani Clinic,Clinic,,,Peshawar,33.930684082887154,71.595883419228,Marham,district_centroid,
Irfan eye Clinic,Clinic,,,Peshawar,33.930684082887154,71.595883419228,Marham,district_centroid,
Irfan Hospital,Hospital,,,Peshawar,33.930684082887154,71.595883419228,Marham,district_centroid,
Islam Medical Center,Other,,,Peshawar,33.930684082887154,71.595883419228,Marham,district_centroid,
Islamabad Diagnostic Centre,Other,,,Peshawar,33.994279913776026,71.44942551349145,Marham,source,
Kakakhel Clinic,Clinic,,,Peshawar,33.930684082887154,71.595883419228,Marham,district_centroid,
Karachi Market,Other,,,Peshawar,33.930684082887154,71.595883419228,Marham,district_centroid,
Khatak Medical Center,Other,,,Peshawar,33.930684082887154,71.595883419228,Marham,district_centroid,
khattak medical centre and maternity home,Other,,,Peshawar,33.9755237865639,71.42810851534472,Marham,source,
Khilji Medical Center,Other,,,Peshawar,33.930684082887154,71.595883419228,Marham,district_centroid,
Khushal Medical Center (New),Other,,,Peshawar,34.00436942162135,71.56164543282031,Marham,source,
Khyber Medical center.,Other,,,Peshawar,34.004574135693396,71.5598485846596,Marham,source,
khyber polyclinic,Clinic,,,Peshawar,33.930684082887154,71.595883419228,Marham,district_centroid,
Khyber Skin Laser Clinic,Clinic,,,Peshawar,33.930684082887154,71.595883419228,Marham,district_centroid,
Le Lotus Clinique,Other,,,Peshawar,33.930684082887154,71.595883419228,Marham,district_centroid,
Leading Smile Dental Care,Other,,,Peshawar,33.930684082887154,71.595883419228,Marham,district_centroid,
Life Care Hospital & Research Institute Hayatabad,Hospital,,,Peshawar,33.996417281871295,71.43645818095757,Marham,source,
Madina Medicos Clinic,Clinic,,,Peshawar,33.930684082887154,71.595883419228,Marham,district_centroid,
Mahar Ali Hospital (Old Tika Hospital),Hospital,,,Peshawar,34.0051616431711,71.57737831174244,Marham,source,
Mansoor Welfare Clinic,Clinic,,,Peshawar,33.930684082887154,71.595883419228,Marham,district_centroid,
Maxfac Dental Clinic,Clinic,,,Peshawar,33.930684082887154,71.595883419228,Marham,district_centroid,
Med Care General Hospital,Hospital,,,Peshawar,33.994721,71.4761374,Marham,street,
Medi Care Hospital,Hospital,,,Peshawar,33.930684082887154,71.595883419228,Marham,district_centroid,
Mehran Medicose,Other,,,Peshawar,33.930684082887154,71.595883419228,Marham,district_centroid,
Mental Care Clinic,Clinic,,,Peshawar,33.930684082887154,71.595883419228,Marham,district_centroid,
Mercy Health Care Center,Other,,,Peshawar,33.930684082887154,71.595883419228,Marham,district_centroid,
Mercy Teaching Hospital,Hospital,,,Peshawar,34.00766694338209,71.5219298690977,Marham,source,Mercy Teaching Hospital
Misri khan Clinic,Clinic,,,Peshawar,34.0067124,71.5336321,Marham,street,
Misri Khan Dental Clinic,Clinic,,,Peshawar,33.973533067038815,71.45677973872401,Marham,source,
Misri Khan Dental Clinic By Dr. Salman Khan,Clinic,,,Peshawar,34.0067124,71.5336321,Marham,street,
Mohammadia Homoeopathic Clinic,Clinic,,,Peshawar,33.930684082887154,71.595883419228,Marham,district_centroid,
MR. Jan Medica Homeo Plaza,Other,,,Peshawar,33.930684082887154,71.595883419228,Marham,district_centroid,
MSK Medical Complex,Other,,,Peshawar,33.99419073307831,71.44936131534472,Marham,source,
Mubah Safdar & Associates,Other,,,Peshawar,33.930684082887154,71.595883419228,Marham,district_centroid,
Mubarak Hospital,Hospital,,,Peshawar,33.930684082887154,71.595883419228,Marham,district_centroid,
Muddasar General Hospital,Hospital,,,Peshawar,33.930684082887154,71.595883419228,Marham,district_centroid,
Muhammad Teaching Hospital,Hospital,,,Peshawar,34.0229943,71.6338908,Marham,street,
Muhammad Teaching Hospital Chughal Pura,Hospital,,,Peshawar,34.016541,71.6290508,Marham,source,
Muhammad Zubair Masud Clinic (Dabgari Gardens),Clinic,,,Peshawar,33.930684082887154,71.595883419228,Marham,district_centroid,
My Health Wellness Center & Pharmacy,Pharmacy,,,Peshawar,33.99811960748756,71.4673104558175,Marham,source,
Nai Zindagi Trust,Other,,,Peshawar,33.930684082887154,71.595883419228,Marham,district_centroid,
Nauman Ali Clinic,Clinic,,,Peshawar,33.930684082887154,71.595883419228,Marham,district_centroid,
Neurology Clinic,Clinic,,,Peshawar,33.930684082887154,71.595883419228,Marham,district_centroid,
Neurosurgeon Dr. Mushtaq Shams,Other,,,Peshawar,34.00119427715724,71.55978672331334,Marham,source,
Noor Health Clinic,Clinic,,,Peshawar,34.0149853,71.5811214,Marham,street,
Northwest Institute Of Health Sciences,Other,,,Peshawar,33.9675929,71.4947871,Marham,street,
ORADENT DENTAL CLINIC,Clinic,,,Peshawar,33.930684082887154,71.595883419228,Marham,district_centroid,
Painless Dental Clinic,Clinic,,,Peshawar,33.975072509371486,71.47651474110451,Marham,source,
Pak Medical Centre Room 134,Other,,,Peshawar,33.930684082887154,71.595883419228,Marham,district_centroid,
Pak Pharmacy & Clinic,Clinic,,,Peshawar,33.975033770891294,71.42956903297154,Marham,source,
Pak Physiotherapy and Rehab Clinic,Clinic,,,Peshawar,33.930684082887154,71.595883419228,Marham,district_centroid,
Pak surgical Hospital,Hospital,,,Peshawar,34.00725068447052,71.56156450469939,Marham,source,
"Peshawar Clinic, Khatak Medical Center",Clinic,,,Peshawar,33.930684082887154,71.595883419228,Marham,district_centroid,
Peshawar Dental Care Clinic,Clinic,,,Peshawar,33.990074,71.477371,Marham,street,
Peshawar Health Centre (Nishterabad),Other,,,Peshawar,33.930684082887154,71.595883419228,Marham,district_centroid,
Peshawar Institute of Medical sciences,Other,,,Peshawar,33.930684082887154,71.595883419228,Marham,district_centroid,
Peshawar Medical Center (Bannu),Other,,,Peshawar,33.930684082887154,71.595883419228,Marham,district_centroid,
Peshawar Medical Centre,Other,,,Peshawar,33.930684082887154,71.595883419228,Marham,district_centroid,
Peshawar Rheumatology Clinic,Clinic,,,Peshawar,33.930684082887154,71.595883419228,Marham,district_centroid,
PhysioFirst Rehabilitation Center,Other,,,Peshawar,33.9986496,71.5399965,Marham,street,
PPDC (Peshawar polyclinic & diagnostic centre),Clinic,,,Peshawar,34.008208608639734,71.46216405063382,Marham,source,
Prime Teaching Hospital,Hospital,,,Peshawar,33.930684082887154,71.595883419228,Marham,district_centroid,
Prof. Dr. Jawad Ahmad Kundi clinic,Clinic,,,Peshawar,33.930684082887154,71.595883419228,Marham,district_centroid,
Psychic Healing and Mental Health Services,Other,,,Peshawar,33.930684082887154,71.595883419228,Marham,district_centroid,
Rafsan Neuro Rehab Center,Other,,,Peshawar,33.99163099125705,71.53764617671544,Marham,source,
Rahman Health Clinic,Clinic,,,Peshawar,33.930684082887154,71.595883419228,Marham,district_centroid,
Rayyan Health Clinic,Clinic,,,Peshawar,33.930684082887154,71.595883419228,Marham,district_centroid,
Rejuva Aesthetics,Other,,,Peshawar,33.998926105540164,71.49449379935065,Marham,source,
Rejuva Aesthetics Hair Transplant & Plastic Surgery Clinic,Clinic,,,Peshawar,33.930684082887154,71.595883419228,Marham,district_centroid,
Reliance Dental Care,Other,,,Peshawar,33.930684082887154,71.595883419228,Marham,district_centroid,
Rizwan Medical Center and General Hospital,Hospital,,,Peshawar,34.03049282909962,71.59589010370051,Marham,source,
Rokhana Khor Hospital (Gulbahar),Hospital,,,Peshawar,33.930684082887154,71.595883419228,Marham,district_centroid,
Room no1 Rahim Medical center GT Road Peshawar city,Other,,,Peshawar,34.0179762,71.5869468,Marham,street,
Saeed Medical Complex,Other,,,Peshawar,33.80485198752157,71.55982404047805,Marham,source,
Sagheer Alvi,Other,,,Peshawar,34.33425097055416,73.19618836757562,Marham,source,
Salman Medical Center,Other,,,Peshawar,33.930684082887154,71.595883419228,Marham,district_centroid,
Sami medical tower,Other,,,Peshawar,34.0131088,71.6223391,Marham,street,
Sana Dental Clinic,Clinic,,,Peshawar,33.930684082887154,71.595883419228,Marham,district_centroid,
Sara Dental Clinic,Clinic,,,Peshawar,33.930684082887154,71.595883419228,Marham,district_centroid,
Sarhad Medical Store,Pharmacy,,,Peshawar,33.995985692012106,71.48852074603417,Marham,source,
Sector A-3 Phase V,Other,,,Peshawar,33.9767168,71.4372584,Marham,street,
Sehatyaab Vitamin Supplements Clinic,Clinic,,,Peshawar,33.930684082887154,71.595883419228,Marham,district_centroid,
Shah Health Care Clinic,Clinic,,,Peshawar,34.030426791162725,71.64372574981671,Marham,source,
Shah Hospital,Hospital,,,Peshawar,33.930684082887154,71.595883419228,Marham,district_centroid,Shah Hospital
Shah Medical Centre (Dabgari),Other,,,Peshawar,34.0049143,71.559557,Marham,street,
Shahab General Hospital,Hospital,,,Peshawar,33.99718532539681,71.45807384047025,Marham,source,
Shahab Orthopedic and General Hospital,Hospital,,,Peshawar,33.99718087794532,71.45806311164449,Marham,source,
Shaheen Clinic,Clinic,,,Peshawar,33.98919322392903,71.53464748955605,Marham,source,
Shangrilla Tower,Other,,,Peshawar,33.930684082887154,71.595883419228,Marham,district_centroid,
Shaukat Khanum Memorial Cancer Hospital And Research Centre,Hospital,,,Peshawar,33.995506,71.440201,Marham,source,
Shifa Homeopathic Clinic,Clinic,,,Peshawar,33.930684082887154,71.595883419228,Marham,district_centroid,
Shifa Medical Centre,Other,,,Peshawar,33.930684082887154,71.595883419228,Marham,district_centroid,
Shifa Physiotherapy Clinic,Clinic,,,Peshawar,33.930684082887154,71.595883419228,Marham,district_centroid,
Shifa Surgical Centre,Other,,,Peshawar,33.930684082887154,71.595883419228,Marham,district_centroid,
Shifa Surgical Complex,Other,,,Peshawar,34.72502856877914,71.5033480981543,Marham,source,
Shireen Ultrasound Clinic,Clinic,,,Peshawar,33.930684082887154,71.595883419228,Marham,district_centroid,
Shuhood Shabbir Speech Therapy Services,Other,,,Peshawar,33.930684082887154,71.595883419228,Marham,district_centroid,
Souvenir General Hospital ( SGH ),Hospital,,,Peshawar,33.930684082887154,71.595883419228,Marham,district_centroid,
Spine Care Physiotherapy and Rehabilitation center,Other,,,Peshawar,33.930684082887154,71.595883419228,Marham,district_centroid,
Sugar Hospital & Research Centre,Hospital,,,Peshawar,33.98965491154545,71.43585358447504,Marham,source,
Surgeon's care,Other,,,Peshawar,33.99605659777105,71.48951412883619,Marham,source,
Taban Hospital,Hospital,,,Peshawar,33.930684082887154,71.595883419228,Marham,district_centroid,
Talha Autism Center,Other,,,Peshawar,34.033374,71.598589,Marham,source,
Tariq   Al  Shifa   Wana,Other,,,Peshawar,32.31111713862477,69.57868526241161,Marham,source,
Test Zone Labs,Facility,,,Peshawar,33.930684082887154,71.595883419228,Marham,district_centroid,
The Autism Jewel,Other,,,Peshawar,33.99065156599668,71.5014961932546,Marham,source,
The Children Clinic (Saidan Shah Building),Clinic,,,Peshawar,33.930684082887154,71.595883419228,Marham,district_centroid,
The Dental Lens,Other,,,Peshawar,34.00555857987139,71.46396390328403,Marham,source,
"The Dental, Face & Jaw Surgery",Other,,,Peshawar,33.930684082887154,71.595883419228,Marham,district_centroid,
The Splash Of Cure Clinic,Clinic,,,Peshawar,33.930684082887154,71.595883419228,Marham,district_centroid,
Town Women and Children Hospital,Hospital,,,Peshawar,33.930684082887154,71.595883419228,Marham,district_centroid,
Universal Hair Transplant Centre,Other,,,Peshawar,33.930684082887154,71.595883419228,Marham,district_centroid,
Uro-Medics Clinic,Clinic,,,Peshawar,33.930684082887154,71.595883419228,Marham,district_centroid,
Urology and Fertility Center,Other,,,Peshawar,33.930684082887154,71.595883419228,Marham,district_centroid,
Wadan General Hospital,Hospital,,,Peshawar,33.99620422098603,71.48962468290581,Marham,source,
Waseem Medical Complex,Other,,,Peshawar,34.610579903585084,71.95721287485834,Marham,source,
Waseeq Ullah Clinic,Clinic,,,Peshawar,33.930684082887154,71.595883419228,Marham,district_centroid,
Watan Pharmacy,Pharmacy,,,Peshawar,34.02730855671092,71.57494503520361,Marham,source,
Western Dental Care,Other,,,Peshawar,34.01051156633418,71.59678362728434,Marham,source,
YS FamilyDental Clinic,Clinic,,,Peshawar,33.930684082887154,71.595883419228,Marham,district_centroid,
Zaheer Dental Care,Other,,,Peshawar,33.930684082887154,71.595883419228,Marham,district_centroid,
Zaheer Neurology Care,Other,,,Peshawar,33.930684082887154,71.595883419228,Marham,district_centroid,
Zahid Medical Laboratories,Facility,,,Peshawar,33.930684082887154,71.595883419228,Marham,district_centroid,
Zahid Nazar Psychiatric Clinic,Clinic,,,Peshawar,33.930684082887154,71.595883419228,Marham,district_centroid,
Zain Clinic,Clinic,,,Peshawar,33.930684082887154,71.595883419228,Marham,district_centroid,
Zia Medical Complex,Other,,,Peshawar,33.930684082887154,71.595883419228,Marham,district_centroid,Zia Medical Complex
ZK pharmacy (Dr. Adil Clinic),Clinic,,,Peshawar,33.99963978694635,71.6006389963975,Marham,source,
Jamal Medical Center,Other,,,Swabi,34.21414,72.3085775,Marham,source,
Al Jannat Hospital & Infertility Center,Hospital,,,Swabi,34.11005796613662,72.4645750687166,Marham,source,
Bu Ali Seena Medical & Surgical Complex,Other,,,Swabi,34.1144416,72.464263,Marham,source,
Khyber Medical Center,Other,,,Swabi,34.079601,72.4556615,Marham,source,
Sardar Memorial Hospital,Hospital,,,Swabi,34.116922,72.4625343,Marham,source,
Al Hadi International Hospital,Hospital,,,Swabi,34.10724021760133,72.46535028465759,Marham,source,
Bacha Khan Medical Complex,Other,,,Swabi,34.08022874912394,72.45626050142785,Marham,source,
Doctors Medical Center,Other,,,Swabi,33.9685703,72.2212761,Marham,source,
Peshawar Medical Complex,Other,,,Swabi,34.21075996852644,72.34477593068277,Marham,source,
Dua Medical Centre,Other,,,Swabi,34.2129001,72.3297133,Marham,source,
Sahara Lab & Diagnostic Center,Facility,,,Swabi,34.136140155544474,72.45798207302799,Marham,district_centroid,
Idrees Plaza,Other,,,Swabi,34.068456540613525,72.52810184496062,Marham,source,
Mahaban Medical And research Hospital,Hospital,,,Swabi,34.1238841,72.4790367,Marham,street,
Kamran Dental Care and Implant Center,Other,,,Swabi,34.07986816881092,72.45603222454116,Marham,source,
Abbasin clinic,Clinic,,,Swabi,34.136140155544474,72.45798207302799,Marham,district_centroid,
Health and Wellness Physiotherapy Rehabilitation Center,Other,,,Swabi,34.21073682917203,72.3196931730651,Marham,source,
Marwa Medical complex,Other,,,Swabi,34.21261449280986,72.33128415952974,Marham,source,
City Poly Clinic Medical Center,Clinic,,,Swabi,34.1276509,72.4712744,Marham,source,
New Rehman Medical Center,Other,,,Swabi,34.1324339,72.4635129,Marham,source,
Rahman Medical Center,Other,,,Swabi,34.2112866,72.3411616,Marham,street,
Akakheil Medical complex Garmunara Marghuz,Other,,,Swabi,34.031396789563026,72.51434251349302,Marham,source,
Akakheil Medical complex Shahmansoor,Other,,,Swabi,34.07013650169494,72.45093191349304,Marham,source,
Ali Medical Centre,Other,,,Swabi,34.136140155544474,72.45798207302799,Marham,district_centroid,
Brain and Spine Clinic,Clinic,,,Swabi,34.17250272159525,72.27454154232927,Marham,source,
Bu Ali Sena Medical and,Other,,,Swabi,34.136140155544474,72.45798207302799,Marham,district_centroid,
Dr Atiq Children Clinic tordher,Clinic,,,Swabi,33.9961179,72.2833107,Marham,source,
ISRAR Medical Center Yarhussain,Other,,,Swabi,34.17352271751018,72.27603896774161,Marham,source,
Madina Medical Centre,Other,,,Swabi,34.136140155544474,72.45798207302799,Marham,district_centroid,
Nafees Medical Centre,Other,,,Swabi,34.078979,72.611077,Marham,source,
New Life Hospital,Hospital,,,Swabi,34.1167883,72.4647769,Marham,source,
NOVA Diagnostic,Other,,,Swabi,34.136140155544474,72.45798207302799,Marham,district_centroid,
Pokhtunkhva Medical Centre,Other,,,Swabi,34.07953051226064,72.4554963374014,Marham,source,
Sahara Lab & Diagnostic Centre,Facility,,,Swabi,34.124824723246185,72.47101039138548,Marham,source,
Sherin Medical Center,Other,,,Swabi,34.1423942,72.6864391,Marham,source,
Dr Ihsan Ullah Clinic,Clinic,,,Swat,35.24336092020762,72.46273370116246,Marham,district_centroid,
Luqman International Hospital,Hospital,,,Swat,34.76213273121729,72.35957719703914,Marham,source,
Shifa hospital,Hospital,,,Swat,35.24336092020762,72.46273370116246,Marham,district_centroid,Shifa Hospital
Jalil International Hospital,Hospital,,,Swat,34.769332,72.335425,Marham,source,
Roshan Specialised Hospital,Hospital,,,Swat,34.7447334,72.3562789,Marham,street,
Sikandar Medical Infirmary,Other,,,Swat,35.24336092020762,72.46273370116246,Marham,district_centroid,Sikandar Medical Infirmary
Ashfaq Neuro psychiatric & General Hospital,Hospital,,,Swat,34.98675790874311,72.4710745361404,Marham,source,
"Upper Swat General Hospital, Khwaza Khela",Hospital,,,Swat,34.938765,72.469443,Marham,source,
The Best Skin & laser Clinic,Clinic,,,Swat,35.24336092020762,72.46273370116246,Marham,district_centroid,
Dr Sohail Skin Laser & Aesthetics Hospital,Hospital,,,Swat,34.75643666750128,72.35527743068616,Marham,source,
Kings International Hospital,Hospital,,,Swat,34.754176019909124,72.35544115767236,Marham,source,
Hassan Medical Complex Hospital,Hospital,,,Swat,34.7938846,72.2873271,Marham,source,
Sherzada Medical Center,Other,,,Swat,34.93949026742191,72.47124165876285,Marham,source,
Life Care Hospital,Hospital,,,Swat,34.761576166381836,72.3564542539757,Marham,source,
Ahmad Dental & Maxillofacial Surgery Clinic,Clinic,,,Swat,34.75817775636989,72.35878342744685,Marham,source,
Continental General Hospital,Hospital,,,Swat,35.24336092020762,72.46273370116246,Marham,district_centroid,
Dr Ihsan Hair restoration & Cosmetic Clinic??,Clinic,,,Swat,35.24336092020762,72.46273370116246,Marham,district_centroid,
IDC Lab & Diagnostic Centre,Facility,,,Swat,34.75251098619009,72.35685549749375,Marham,source,
Mir Khel Medical and Surgical Plaza,Other,,,Swat,34.92573682537574,72.41303680933503,Marham,source,
DR MIAN SHABBIR AHMAD,Other,,,Swat,35.24336092020762,72.46273370116246,Marham,district_centroid,
Dr. TARIQ SPECIALIZED DENTISTRY CLINIC,Clinic,,,Swat,35.24336092020762,72.46273370116246,Marham,district_centroid,
Professor said khetab orthopedic and medical center,Other,,,Swat,34.92675863636734,72.27820729265956,Marham,source,
Swat Dentistry Clinic,Clinic,,,Swat,35.24336092020762,72.46273370116246,Marham,district_centroid,
Al-Khair Medical Center,Other,,,Swat,35.24336092020762,72.46273370116246,Marham,district_centroid,
Makkah Medical Complex,Other,,,Swat,34.758812874968875,72.35779078103027,Marham,source,
Mirkhel Hospital,Hospital,,,Swat,34.926226313229705,72.41324840740042,Marham,source,
Swat Institute of Medical Sciences,Other,,,Swat,34.76394771893292,72.35739383632503,Marham,source,
Ali Homoeopathic General Hospital and Research Center,Hospital,,,Swat,35.24336092020762,72.46273370116246,Marham,district_centroid,
City Medical Complex,Other,,,Swat,34.770515948137984,72.3302356711638,Marham,source,
Dr Wasim Clinic,Clinic,,,Swat,34.82971293993505,72.34003242690184,Marham,source,
Dr. Muhammad Hasnain Dental Clinic,Clinic,,,Swat,35.24336092020762,72.46273370116246,Marham,district_centroid,
Nawy Jwand Rehab Center,Other,,,Swat,34.7689067147329,72.3385128,Marham,source,
Rehman Medical Center,Other,,,Swat,35.24336092020762,72.46273370116246,Marham,district_centroid,
Shah Medical Center Barikot,Other,,,Swat,34.68166118450755,72.2254706,Marham,source,
Swat Center For Blood Diseases,Other,,,Swat,34.75526022212901,72.35635665276834,Marham,source,
Anwar teaching hospital,Hospital,,,Swat,34.752772186285895,72.35626620992144,Marham,source,
Hazara Medical Centre,Other,,,Swat,35.2227114,72.4258145,Marham,source,
Imdad Medical Complex,Other,,,Swat,35.142010498031695,72.53613642698294,Marham,source,
Irfan Rehab Center Kabal,Other,,,Swat,34.79236557016057,72.28602580185327,Marham,source,
Khyber Medical Center,Other,,,Swat,34.7596264624985,72.35846525154884,Marham,source,
Saidu Teaching Hospital,Hospital,,,Swat,34.74990816742243,72.35640226931419,Marham,source,
Shifa Medical Center,Other,,,Swat,34.7447334,72.3562789,Marham,street,
Swat Institute of Rehabilitation & Medical Sciences,Other,,,Swat,34.79506397976597,72.3990365079468,Marham,source,
Swat Medical Complex,Other,,,Swat,34.75329924971305,72.35559459999999,Marham,source,
Umer Family Hospital,Hospital,,,Swat,35.24336092020762,72.46273370116246,Marham,district_centroid,
Al khair Medical Center,Other,,,Swat,35.24336092020762,72.46273370116246,Marham,district_centroid,
Ali Hospital Tehsil Charbagh,Hospital,,,Swat,34.83605008075858,72.44230269655277,Marham,source,
Azeem Homeopathic Clinic,Clinic,,,Swat,35.24336092020762,72.46273370116246,Marham,district_centroid,
Bharosa Health Care Center,Other,,,Swat,34.92142758717154,72.41436614171693,Marham,source,
Dr Hanif Dental and Facial Aesthetic Clinic,Clinic,,,Swat,35.24336092020762,72.46273370116246,Marham,district_centroid,
Hassan Medical Complex Kabal Swat. Hospital,Hospital,,,Swat,34.7933905,72.2870805,Marham,source,
Ibrahimi Hospital,Hospital,,,Swat,34.91844017829345,72.41325435813542,Marham,source,
Islamabad Specialists Clinic,Clinic,,,Swat,35.24336092020762,72.46273370116246,Marham,district_centroid,
Javed Medical Center Hazara,Other,,,Swat,35.24336092020762,72.46273370116246,Marham,district_centroid,
National Central Hospital,Hospital,,,Swat,35.24336092020762,72.46273370116246,Marham,district_centroid,
Reliance Hospital,Hospital,,,Swat,34.749818826817396,72.34900882722215,Marham,source,
Royal Dental Clinic,Clinic,,,Swat,35.24336092020762,72.46273370116246,Marham,district_centroid,
Seena Medical Center,Other,,,Swat,35.24336092020762,72.46273370116246,Marham,district_centroid,
Sher Zada Medical Center,Other,,,Swat,34.937746230727065,72.4688010306844,Marham,source,
"Shifa Medical Center (Matta Chowk, Swat)",Other,,,Swat,35.24336092020762,72.46273370116246,Marham,district_centroid,
Thq Hospital Kabal,Hospital,,,Swat,34.800513,72.283365,Marham,source,
Yameen Medical Center Kabal,Other,,,Swat,35.24336092020762,72.46273370116246,Marham,district_centroid,
Zaman Dental Care,Other,,,Swat,34.92667714798409,72.41225169999903,Marham,source,
Dr. Riaz Ud Din Clinic,Clinic,,,Tank,32.33042621219553,70.34683538790776,Marham,district_centroid,
Timergara Psychiatry Clinic,Clinic,,,Lower Dir,34.83047763585919,71.84380759768791,Marham,source,
Jasmine Hospital,Hospital,,,Lower Dir,34.839827137865974,71.8489259810564,Marham,district_centroid,
Al Sehat Medical Complex,Other,,,Lower Dir,34.82990365550756,71.84253862944773,Marham,source,
Azhar Medical Center,Other,,,Lower Dir,34.8302850038543,71.84277609931928,Marham,source,
District Hospital,Hospital,,,Lower Dir,34.830766,71.84442,Marham,source,
Zeb Medical Center,Other,,,Lower Dir,34.82892119990537,71.84232161534472,Marham,source,
Dr Rahim clinic of fertility and sexual dysfunction,Clinic,,,Lower Dir,34.839827137865974,71.8489259810564,Marham,district_centroid,
Askar/ City Hospital,Hospital,,,Lower Dir,34.83053083757717,71.84281858108871,Marham,source,
Imran Hospital,Hospital,,,Lower Dir,34.839827137865974,71.8489259810564,Marham,district_centroid,
Ittefaq Medical Complex,Other,,,Lower Dir,35.081947632336934,71.75398827146662,Marham,source,
Maa Foundation hosptal,Other,,,Lower Dir,34.839827137865974,71.8489259810564,Marham,district_centroid,
Shah Medical Centre,Other,,,Lower Dir,34.839827137865974,71.8489259810564,Marham,district_centroid,
Ali Homepathy Clinic,Clinic,,,Lower Dir,34.839827137865974,71.8489259810564,Marham,district_centroid,
